Date,NIFTY50_close,NIFTY50_ret,NIFTYBANK_close,NIFTYBANK_ret,NIFTYIT_close,NIFTYIT_ret,NIFTYAUTO_close,NIFTYAUTO_ret,INDIA_VIX_level,INDIA_VIX_chg,USDINR_level,USDINR_chg,CRUDE_WTI_level,CRUDE_WTI_chg,SP500_level,SP500_chg
2021-08-02,15885.150390625,0.007716153904229494,34709.59765625,0.00362655920721171,30803.05078125,0.010541339544987555,10183.4501953125,0.013340503057454612,12.8100004196167,0.000781267869751634,74.37909698486328,,71.26000213623047,-0.036375861028019485,4387.16015625,
2021-08-03,16130.75,0.015342653128218075,35207.0390625,0.014229797752244542,31165.849609375,0.01170919512735997,10342.599609375,0.01550737768854304,13.75,0.07338013658015385,74.33200073242188,-0.0006331920438747973,70.55999755859375,-0.009823246655234374,4423.14990234375,0.0082034265474622
2021-08-04,16258.7998046875,0.007906900379200192,36027.6328125,0.023040186165160223,30977.150390625,-0.006073083009252686,10246.7998046875,-0.009305807721697677,13.210000038146973,-0.03927272449840202,74.21440124511719,-0.0015820842456268913,68.1500015258789,-0.034155273754276405,4402.66015625,-0.004632387901412294
2021-08-05,16294.599609375,0.002199451962862978,35834.33203125,-0.005379792992916907,31211.19921875,0.007527131195790397,10224.900390625,-0.0021394825253467143,12.869999885559082,-0.025738088690844818,74.18399810791016,-0.00040966627362004626,69.08999633789062,0.01379302701342966,4429.10009765625,0.006005446813494242
2021-08-06,16238.2001953125,-0.0034672374282357825,35808.83203125,-0.0007118613872103821,31303.30078125,0.0029465685285017637,10249.5,0.002402963773557606,12.609999656677246,-0.020202038165794578,74.08200073242188,-0.0013749242166742892,68.27999877929688,-0.011723803756369944,4436.52001953125,0.001675266241764728
2021-08-09,16258.25,0.0012339690711517842,36028.53125,0.006116591524970851,31441.0,0.004389225415008097,10239.0,-0.0010249653141259855,12.609999656677246,0.0,74.49140167236328,0.005526321318185312,66.4800033569336,-0.026361972093488895,4432.35009765625,-0.0009399082741974318
2021-08-10,16280.099609375,0.0013430068163520583,36033.68359375,0.000142997096882122,31713.400390625,0.008626543145432595,10158.75,-0.007868555507402194,12.710000038146973,0.0079302445830578,74.46620178222656,-0.0003382926025148336,68.29000091552734,0.027226195354952187,4436.75,0.0009926793341701323
2021-08-11,16282.25,0.00013207834532344713,35805.98046875,-0.006339224730695897,31670.0,-0.0013694562658464156,10140.400390625,-0.0018079194468710745,12.710000038146973,0.0,74.43550109863281,-0.00041227674916910484,69.25,0.014057681528810484,4442.41015625,0.0012757437876824707
2021-08-12,16364.400390625,0.005032710127087298,35936.6328125,0.003642256176932723,32245.099609375,0.017996221048748342,10180.5498046875,0.003951534344581256,12.369999885559082,-0.026750602011600066,74.10299682617188,-0.0044670119439425005,69.08999633789062,-0.0023105221965252776,4460.830078125,0.004146380281677686
2021-08-13,16529.099609375,0.010014172717061967,36168.9296875,0.006443266527823694,32678.80078125,0.01336049191901444,10178.2998046875,-0.0002210341008781692,12.989999771118164,0.05012125232780962,74.26010131835938,0.002120082843019455,68.44000244140625,-0.009407930683705934,4468.0,0.001607306655808216
2021-08-16,16563.05078125,0.0020519176533692787,36094.08203125,-0.0020715351114119263,32577.94921875,-0.0030909183430912254,10088.7998046875,-0.00883210558192129,13.460000038146973,0.036181699408017076,74.216796875,-0.0005831454925401269,67.29000091552734,-0.016803060854117646,4479.7099609375,0.002620850702215849
2021-08-17,16614.599609375,0.0031074454639570138,35867.03125,-0.006310395277317982,33414.75,0.025361764089916885,10088.2998046875,-4.9561137109126416e-05,13.40999984741211,-0.0037147244125674828,74.13500213623047,-0.0011021054830390176,66.58999633789062,-0.010402802319998017,4448.080078125,-0.00706069881494753
2021-08-18,16568.849609375,-0.002757400455017452,35554.0859375,-0.008763439375228714,33448.8984375,0.00102143515249324,10067.9501953125,-0.0020191867325494374,12.90999984741211,-0.03728560817966686,74.364501953125,0.0030957012245416138,65.45999908447266,-0.016969474629254244,4400.27001953125,-0.010748470745585936
2021-08-20,16450.5,-0.007168531033199722,35033.4453125,-0.014751899025211708,33351.3515625,-0.0029205562654841736,9904.7001953125,-0.016347718752992766,14.020000457763672,0.0859799088668518,74.4292984008789,0.0008713357321312731,62.31999969482422,-0.04796821621699743,4441.669921875,0.009408491333484204
2021-08-23,16496.44921875,0.002789286998064274,35123.98828125,0.002581138288005195,33919.80078125,0.016900639560028522,9759.150390625,-0.014804065182500614,13.6899995803833,-0.023537864950470166,74.30149841308594,-0.0017170655983431704,65.63999938964844,0.053273422835076634,4479.52978515625,0.00852379036424833
2021-08-24,16624.599609375,0.007738343720985011,35711.6875,0.01659369230222193,33838.3984375,-0.002402731591178121,9832.7998046875,0.007518369560231622,13.1899995803833,-0.03652301061546126,74.10590362548828,-0.002632447417281303,67.54000091552734,0.028945788292900954,4486.22998046875,0.0014957363013194946
2021-08-25,16634.650390625,0.0006043901504665573,35585.8359375,-0.00353032439674082,34083.94921875,0.007230369958320057,9808.650390625,-0.002459026802122529,13.5,0.023502686086339653,74.1447982788086,0.0005248522913487985,68.36000061035156,0.012140948826012021,4496.18994140625,0.002220118224179668
2021-08-26,16636.900390625,0.00013525068417903375,35617.13671875,0.0008791987777640337,34041.1015625,-0.0012579120722436988,9763.099609375,-0.0046547563191617234,13.539999961853027,0.0029629601372613834,74.0999984741211,-0.0006042204676184326,67.41999816894531,-0.013750767013069765,4470.0,-0.005824918819612557
2021-08-27,16705.19921875,0.004096857993577663,35627.38671875,0.0002877414171970742,34309.80078125,0.007862386412444126,9793.849609375,0.0031446648448484956,13.40999984741211,-0.00960119016301142,74.15599822998047,0.0007557322133944222,68.73999786376953,0.01957875601711656,4509.3701171875,0.008807632480425154
2021-08-30,16931.05078125,0.013429259014094868,36347.2265625,0.02000327096687959,34109.25,-0.005862441917590389,9957.900390625,0.016611647441239136,13.319999694824219,-0.006711420851004624,73.49659729003906,-0.008892078263128544,69.20999908447266,0.006837376131936912,4528.7900390625,0.004306570844779589
2021-08-31,17132.19921875,0.011810427696351353,36424.1796875,0.0021149283117989724,34570.25,0.01342487710924773,10034.4501953125,0.007657946819002731,14.520000457763672,0.09009014943189086,73.41120147705078,-0.0011619015864269278,68.5,-0.010258620052950529,4522.68017578125,-0.0013491160395050494
2021-09-01,17076.25,-0.0032710789243950112,36573.875,0.004101356480737578,34110.5,-0.013388230830123514,10043.900390625,0.0009413319057135766,14.1899995803833,-0.022727332436406567,72.99669647216797,-0.005646345469667802,68.58999633789062,0.001313815151688047,4524.08984375,0.0003116886257619189
2021-09-02,17234.150390625,0.009204293951085803,36830.87109375,0.00700219420361771,34680.30078125,0.01656657014010442,10022.4501953125,-0.0021379277104621374,14.239999771118164,0.0035236217204674958,72.98509979248047,-0.00015886581513890885,69.98999786376953,0.020411161986103155,4536.9501953125,0.002842638410522902
2021-09-03,17323.599609375,0.005176808010644206,36760.72265625,-0.001906425861200215,34891.19921875,0.006062801104155665,10124.75,0.010155325095415795,14.539999961853027,0.021067429463259568,73.0542984008789,0.0009481196654548274,69.29000091552734,-0.010001385478031866,4535.43017578125,-0.0003350311257153127
2021-09-06,17377.80078125,0.003123863322045117,36591.92578125,-0.004602347060247881,35415.1015625,0.014903700958176542,10167.25,0.004188849018695106,15.109999656677246,0.039202179939454185,72.99449920654297,-0.0008185581908923822,69.29000091552734,0.0,4535.43017578125,0.0
2021-09-07,17362.099609375,-0.0009039273439216094,36468.375,-0.003382162342717743,34951.30078125,-0.013182640648613873,10152.7001953125,-0.0014320711452778848,14.899999618530273,-0.01389808358163469,73.11000061035156,0.0015823302449375909,68.3499984741211,-0.013566206220032018,4520.02978515625,-0.003395574405981705
2021-09-08,17353.5,-0.0004954320044973781,36767.7734375,0.008176293041859111,34678.19921875,-0.007844461412295054,10100.400390625,-0.005164633505554952,14.40999984741211,-0.03288589152101584,73.3904037475586,0.00383535952490921,69.30000305175781,0.013899116296197223,4514.06982421875,-0.001318566739775151
2021-09-09,17369.25,0.0009071862729865194,36682.7734375,-0.0023144834602495104,34802.30078125,0.00357227407612536,10112.599609375,0.0012070667621035338,13.9399995803833,-0.032616257599282106,73.78900146484375,0.005431196681465522,68.13999938964844,-0.01673886884597986,4493.27978515625,-0.004605608657393345
2021-09-13,17355.30078125,-0.0008034211637875494,36471.375,-0.005779549908339769,35129.6015625,0.009360625412834694,10120.150390625,0.0007463920228882282,14.029999732971191,0.0064562521733888545,73.52429962158203,-0.0035872804619511145,70.44999694824219,0.03390075696045103,4468.72998046875,-0.005463671496398148
2021-09-14,17380.0,0.0014221395731308123,36612.625,0.003865419951659175,35431.5,0.00855713057219703,10209.599609375,0.008799891388790422,13.579999923706055,-0.032074113886660705,73.54080200195312,0.00022444797782550374,70.45999908447266,0.00014197497038659357,4443.0498046875,-0.00574663850657553
2021-09-15,17519.44921875,0.007991527890878581,36851.8203125,0.006511889029648277,36075.19921875,0.01800437201022363,10297.0,0.008524174803227893,13.729999542236328,0.01104562734705361,73.65080261230469,0.0014957765941774337,72.61000061035156,0.030513788728570912,4480.7001953125,0.008473996979569742
2021-09-16,17629.5,0.006261987530756848,37668.1640625,0.02191026781355924,35852.44921875,-0.006193743767288551,10351.4501953125,0.005274034710636452,14.40999984741211,0.04952660800052899,73.43800354003906,-0.002889297396876933,72.61000061035156,0.0,4473.75,-0.0015511404489350067
2021-09-17,17585.150390625,-0.002518817158814708,37811.5078125,0.0037982126516244888,35646.5,-0.005760917904107306,10351.4501953125,0.0,15.229999542236328,0.05690490655844682,73.56490325927734,0.0017279843285649132,71.97000122070312,-0.008814204438351125,4432.990234375,-0.009110872450405094
2021-09-20,17396.900390625,-0.01076276621795277,37145.265625,-0.0177771721694232,35400.05078125,-0.006937710685275438,10202.650390625,-0.01447909663002981,17.489999771118164,0.14839135238411072,73.69609832763672,0.00178339211426648,70.29000091552734,-0.023343063452561208,4357.72998046875,-0.01697731100841482
2021-09-21,17562.0,0.009445425055689747,37235.41796875,0.0024240806494395984,36086.05078125,0.019193131076394095,10155.9501953125,-0.004587768891679715,16.520000457763672,-0.05546022447388965,73.65899658203125,-0.0005034424677480276,70.55999755859375,0.0038411813849723586,4354.18994140625,-0.0008123585165593639
2021-09-22,17546.650390625,-0.0008744061752431491,36944.21875,-0.00785123053891599,36422.44921875,0.009278935603891052,10284.599609375,0.012587832913842686,16.489999771118164,-0.001816022143716678,73.7927017211914,0.0018151908845411846,72.2300033569336,0.023667883448451832,4395.64013671875,0.009519611195260236
2021-09-23,17822.94921875,0.01562383807742847,37771.26171875,0.022139367763012317,36816.8984375,0.010771615129981324,10372.9501953125,0.008553882283407019,16.600000381469727,0.006670746626948221,73.8749008178711,0.0011139190565248036,73.30000305175781,0.01481378437069547,4448.97998046875,0.012134715784494876
2021-09-24,17853.19921875,0.0016958112674268218,37829.859375,0.001550179868676714,37103.25,0.007747630407252245,10429.0498046875,0.00539368766257695,16.920000076293945,0.0192770896066623,73.83999633789062,-0.0004724809048004541,73.9800033569336,0.009276947842630001,4455.47998046875,0.001461009046688222
2021-09-27,17855.099609375,0.00010643971788971012,38170.8046875,0.008972226858850517,36034.3984375,-0.029230572457068386,10765.150390625,0.03171893832746949,18.049999237060547,0.06678482007513731,73.81289672851562,-0.0003670044788598448,75.44999694824219,0.019870147669719174,4443.10986328125,-0.0027763826213396126
2021-09-28,17748.599609375,-0.005982542262753364,37944.55859375,-0.005944838211679426,35239.94921875,-0.02229363434243175,10695.9501953125,-0.006448917646431844,18.540000915527344,0.027146908541731074,73.82530212402344,0.00016806542024006,75.29000091552734,-0.0021205571794071787,4352.6298828125,-0.020364110556098214
2021-09-29,17711.30078125,-0.002103719495544819,37742.5625,-0.005337673580812797,35282.6484375,0.0012109373558775007,10655.5,-0.003788992629161428,18.84000015258789,0.01618118782342104,74.16329956054688,0.004578341392434959,74.83000183105469,-0.006109696890411187,4359.4599609375,0.0015691842194003325
2021-09-30,17618.150390625,-0.005273255224157625,37424.66796875,-0.008458378060671557,35028.0,-0.007243555751205405,10598.4501953125,-0.005368408336038951,18.399999618530273,-0.023354592913693684,74.3219985961914,0.0021398594262243,75.02999877929688,0.002672683995033509,4307.5400390625,-0.011909714125195148
2021-10-01,17532.05078125,-0.004898963801205104,37225.46484375,-0.0053369924560869395,34780.6015625,-0.007087936664327452,10596.9501953125,-0.00014154014313099987,17.209999084472656,-0.06467394340917221,74.25440216064453,-0.0009095077745976399,75.87999725341797,0.01132878166000495,4357.0400390625,0.01149147763018199
2021-10-04,17691.25,0.009039488024266832,37579.2109375,0.009457930991783253,35126.1484375,0.009886017853302922,10641.150390625,0.00416235519258428,16.739999771118164,-0.027309665215411782,74.152099609375,-0.001377730454932613,77.62000274658203,0.022931016817949068,4300.4599609375,-0.012985898136748442
2021-10-05,17822.30078125,0.007380358946066971,37740.5625,0.004284447548279347,35544.30078125,0.011834004971728108,10692.0,0.0047672007880146215,16.399999618530273,-0.020310642606728102,74.57279968261719,0.005673474863940209,78.93000030517578,0.01687706148208612,4345.72021484375,0.010524514660609219
2021-10-06,17646.0,-0.009941397212065623,37521.11328125,-0.005831649066889259,35075.80078125,-0.013268371551073457,10567.5498046875,-0.01170783182329298,17.329999923706055,0.05670733700048247,74.56320190429688,-0.00012870347313176378,77.43000030517578,-0.01900418084632438,4363.5498046875,0.004102792854185466
2021-10-07,17790.349609375,0.00814702470131476,37752.76171875,0.006154835758757097,35703.8515625,0.01774711360137351,11031.7998046875,0.04299402708974478,16.15999984741211,-0.06751298796565364,74.76000213623047,0.0026393747439412696,78.30000305175781,0.011235990483702496,4399.759765625,0.008298280656405366
2021-10-08,17895.19921875,0.005876323303578524,37774.8125,0.0005839134145276038,36402.0,0.019365148317234075,11079.349609375,0.004300986538237851,15.649999618530273,-0.03155942040206816,74.83000183105469,0.0009363254791869835,79.3499984741211,0.013409902700376897,4391.33984375,-0.0019137230947889883
2021-10-11,17945.94921875,0.0028319423974920437,38293.35546875,0.013633850134250959,35179.94921875,-0.03414742234914626,11375.5498046875,0.026383318065600833,16.09000015258789,0.02811505078483445,75.30580139160156,0.006358406373169645,80.5199966430664,0.014744778720152008,4361.18994140625,-0.006865763848056816
2021-10-12,17991.94921875,0.002559973015762186,38521.05078125,0.005928470726043001,34869.75,-0.008856604663875405,11476.099609375,0.008800279733632349,15.850000381469727,-0.014916082588076529,75.40260314941406,0.0012854488767619632,80.63999938964844,0.0014903471384131173,4350.64990234375,-0.0024167805585421087
2021-10-13,18161.75,0.00939334195098345,38635.30078125,0.0029615211499713166,35285.6015625,0.011855301807346891,11870.0,0.033747630740981596,16.100000381469727,0.01577287028284724,75.48390197753906,0.0010781965705335406,80.44000244140625,-0.0024801209047115025,4363.7998046875,0.00302251448379387
2021-10-14,18338.55078125,0.009687709975996201,39340.44140625,0.018086646632533378,35744.8515625,0.012931253548955397,11800.2998046875,-0.005889270295807663,15.770000457763672,-0.02049688918553494,75.3062973022461,-0.002352881483866809,81.30999755859375,0.01081545363976355,4438.259765625,0.01706310194558336
2021-10-18,18477.05078125,0.007524019573498294,39684.33984375,0.008703614309323041,36306.3515625,0.015586453606667017,11814.7998046875,0.0012280280042920692,17.18000030517578,0.08941026039843636,75.00589752197266,-0.003989039310587361,82.44000244140625,0.013897490059548767,4486.4599609375,0.010860156425682499
2021-10-19,18418.75,-0.0031602962146704853,39540.0390625,-0.0036428418327369484,37106.3515625,0.021795455967534776,11626.849609375,-0.0160359213298917,17.3799991607666,0.01164137671933374,75.2354965209961,0.0030610792832146405,82.95999908447266,0.006307576754816191,4519.6298828125,0.007393339551406308
2021-10-20,18266.599609375,-0.008294933244362599,39517.73828125,-0.0005641641490761123,36846.80078125,-0.0070193585729812265,11493.2998046875,-0.011552805102607429,18.309999465942383,0.05350980150074758,75.12010192871094,-0.0015337785702385087,83.87000274658203,0.010969186019189614,4536.18994140625,0.0036640298040166996
2021-10-21,18178.099609375,-0.004856682911584848,40029.734375,0.012872895817674142,35913.6015625,-0.0256527001857234,11557.400390625,0.005561718353717621,18.040000915527344,-0.014745961676145947,74.80919647216797,-0.004138778416967748,82.5,-0.016334836076273618,4549.77978515625,0.002995871849622578
2021-10-22,18114.900390625,-0.0034827257394313984,40323.1796875,0.0073039446166451305,35394.6484375,-0.014555462717139154,11433.9501953125,-0.01073894126011852,17.549999237060547,-0.027161954190647708,74.86540222167969,0.0007513213904473126,83.76000213623047,0.015272753166429842,4544.89990234375,-0.0010725536274130976
2021-10-25,18125.400390625,0.0005794654054989729,41191.91796875,0.021315589354565834,35005.3984375,-0.011058343962943428,11228.2001953125,-0.018158528644020688,17.610000610351562,0.0034188818176306146,74.99369812011719,0.0017136874261038937,83.76000213623047,0.0,4566.47998046875,0.004748196569493546
2021-10-26,18268.400390625,0.00785852166355233,41237.8203125,0.0011137327244242032,35162.3515625,0.004473661668415281,11452.25,0.019757728898443395,16.75,-0.04883592166635331,75.08989715576172,0.0012827615927200053,84.6500015258789,0.010625589385741652,4574.7900390625,0.0018197952535197182
2021-10-27,18210.94921875,-0.0031497940609639214,40873.875,-0.008864698126962799,35503.8984375,0.009666553257647596,11395.150390625,-0.004998356686366739,16.829999923706055,0.004776114848122681,74.88890075683594,-0.0026767435639024617,82.66000366210938,-0.023508539018291197,4551.68017578125,-0.005051568068462853
2021-10-28,17857.25,-0.019613430387588483,39508.48828125,-0.033975563885831575,34913.6015625,-0.01676602272491364,11260.900390625,-0.011851277401166475,17.90999984741211,0.06417111875234238,75.05000305175781,0.0021512172470654622,82.80999755859375,0.001814588553582741,4596.419921875,0.009829281576461124
2021-10-29,17671.650390625,-0.010447905544470225,39115.1484375,-0.01000572198754499,34408.75,-0.01456559036772988,11297.4501953125,0.003240470665735466,17.43000030517578,-0.02680064468597332,74.79720306396484,-0.003368420753009471,83.56999969482422,0.009177661618607225,4605.3798828125,0.001949334719149265
2021-11-01,17929.650390625,0.014494106171593095,39763.2890625,0.016434281237424065,35290.0,0.025288745186848274,11421.0,0.010876712244683721,17.239999771118164,-0.010900776289785696,74.92829895019531,0.0017526843365835987,84.05000305175781,0.005743728116386793,4613.669921875,0.0018000771431341267
2021-11-02,17888.94921875,-0.002272628736845954,39937.984375,0.004383759122792278,35177.3515625,-0.003197183687472962,11521.25,0.008739390257267055,17.059999465942383,-0.010440853107047676,74.82990264892578,-0.0013132061270326734,83.91000366210938,-0.0016656678710912365,4630.64990234375,0.0036803630854131963
2021-11-03,17829.19921875,-0.003345641269055336,39401.59375,-0.013521594396312014,35177.1015625,-7.106870678343757e-06,11401.2001953125,-0.010474526176297884,16.1299991607666,-0.054513501423747446,74.71199798583984,-0.0015756356605073352,80.86000061035156,-0.036348503380355335,4660.56982421875,0.006461279195357994
2021-11-04,17916.80078125,0.0049013449265533065,39573.23828125,0.004346822832082502,35334.25,0.004457401374632302,11569.7998046875,0.014679607940804059,15.75,-0.023558535681197257,74.43550109863281,-0.003700836474209046,78.80999755859375,-0.025352498593666506,4680.06005859375,0.004181942361150437
2021-11-08,18068.55078125,0.008434037348294714,39437.79296875,-0.0034285198670181184,35782.3515625,0.012602050237274629,11645.75,0.0065430684963006065,16.34000015258789,0.0374603271484375,74.19110107421875,-0.0032833798497603484,81.93000030517578,0.03958892073638709,4701.7001953125,0.004623901498659988
2021-11-09,18044.25,-0.0013458266538282125,39368.34375,-0.001762533721876638,35815.1015625,0.0009148370746355587,11766.25,0.01029395729274897,16.0,-0.02080784268132596,73.91850280761719,-0.0036742717476164755,84.1500015258789,0.02709631651939448,4685.25,-0.003498775895770745
2021-11-10,18017.19921875,-0.0015002606334366785,39022.796875,-0.008816024624720753,35722.94921875,-0.0025763183009528947,11829.150390625,0.00533159332611901,16.309999465942383,0.019374966621398926,74.17479705810547,0.0034672543511240494,81.33999633789062,-0.03339281208597611,4646.7099609375,-0.008225823395229703
2021-11-11,17873.599609375,-0.00800207185820445,38559.75,-0.011937024293031558,35583.6484375,-0.0039070987267846346,11690.150390625,-0.011820216908977426,16.350000381469727,0.0024525393523691097,74.40489959716797,0.0031021660751191504,81.58999633789062,0.00307351870242889,4649.27001953125,0.0005509400447352153
2021-11-12,18102.75,0.012739118453093435,38732.90234375,0.004480442271280272,36332.30078125,0.020820955504699097,11706.5,0.0013976027989758867,15.220000267028809,-0.06911315523402706,74.32209777832031,-0.0011128543858798245,80.79000091552734,-0.009805067511588605,4682.85009765625,0.007222656026415475
2021-11-15,18109.44921875,0.00036999789965571825,38701.90234375,-0.0008006735932562638,36465.30078125,0.0036539706013505365,11687.650390625,-0.0016114809163336832,15.470000267028809,0.01642575529657364,74.33999633789062,0.0002408241977196468,80.87999725341797,0.0011139539159645828,4682.7998046875,-1.0739820344718431e-05
2021-11-16,17999.19921875,-0.006106589273008452,38306.65625,-0.010265081482217643,36643.8984375,0.004885787655522982,11977.2998046875,0.02448041317439126,15.199999809265137,-0.01745316438934541,74.43509674072266,0.0012792629474958073,80.76000213623047,-0.0014836192045299956,4700.89990234375,0.003865229864862485
2021-11-17,17898.650390625,-0.005601956226916921,38041.109375,-0.00695627288204577,36660.8984375,0.0004638168586361609,12061.7998046875,0.007030242347035003,14.979999542236328,-0.014473701959832108,74.45860290527344,0.0003157941022453592,78.36000061035156,-0.02971770012871533,4688.669921875,-0.002601625374463401
2021-11-18,17764.80078125,-0.007506297537132803,37975.80859375,-0.0017180595861399685,36007.0,-0.017997385409357657,11747.4501953125,-0.026407205313507275,14.859999656677246,-0.008010673513089261,74.25980377197266,-0.002669928329889437,79.01000213623047,0.00829506790219492,4704.5400390625,0.0033847802152713324
2021-11-22,17416.55078125,-0.01979806684873854,37128.37109375,-0.0225679441739628,35478.94921875,-0.014773823152861782,11379.75,-0.031800752295672585,17.520000457763672,0.17900409572965037,74.30259704589844,0.0005762643011713031,76.75,-0.02860400044457323,4682.93994140625,-0.00459133039083548
2021-11-23,17503.349609375,0.004971320417088634,37272.3671875,0.0038708291576505425,35504.3984375,0.0007170476085082198,11455.7001953125,0.006651979682611835,18.020000457763672,0.028538812039724304,74.42980194091797,0.001711984507633657,78.5,0.0228013029315961,4690.7001953125,0.001657132912945114
2021-11-24,17415.05078125,-0.005057449101021469,37441.515625,0.0045279061968597975,34966.25,-0.015273277901767085,11308.849609375,-0.012901869286458804,17.100000381469727,-0.05105438695466713,74.4469985961914,0.00023104529133499696,78.38999938964844,-0.001401281660529441,4701.4599609375,0.0022938506357221833
2021-11-25,17536.25,0.006935347288237329,37364.31640625,-0.0020639900408787257,35300.25,0.009506735514584346,11247.75,-0.005417461839714208,16.65999984741211,-0.025731024809474312,74.625,0.0023909815998639505,78.38999938964844,0.0,4701.4599609375,0.0
2021-11-26,17026.44921875,-0.029502195657113865,36025.08203125,-0.03650072323859528,34606.1484375,-0.01985867928455305,10759.599609375,-0.04436976563109928,20.799999237060547,0.24849936540014594,74.50579833984375,-0.0015973421796482423,68.1500015258789,-0.1306288805140844,4594.6201171875,-0.022724822637582465
2021-11-29,17053.94921875,0.0016138312478338214,35976.03125,-0.0013625008448574375,34870.75,0.007617002133656176,10704.150390625,-0.005166789783207942,20.829999923706055,0.0014423407570156588,74.98159790039062,0.006386074253933893,69.94999694824219,0.026412257990629184,4655.27001953125,0.013200199537034996
2021-11-30,16983.19921875,-0.0041572285072535705,35694.88671875,-0.007845468742024209,35043.75,0.004948911973595068,10603.5498046875,-0.009442720942977507,21.170000076293945,0.016322619003034555,75.05490112304688,0.0009776161712855558,66.18000030517578,-0.05389559410354117,4567.0,-0.01896131033450521
2021-12-01,17166.900390625,0.010758559762450211,36364.4765625,0.0185849301507841,35429.0,0.01093341292085141,10758.150390625,0.014474810885152675,19.450000762939453,-0.0812470149813811,75.0509033203125,-5.326504564728829e-05,65.56999969482422,-0.009217295369275735,4513.0400390625,-0.011815187417889228
2021-12-02,17401.650390625,0.013581917861660867,36507.82421875,0.0039342202622614396,36157.8515625,0.02036342519428063,10873.150390625,0.01063284031105212,18.09000015258789,-0.06992290781514743,75.01789855957031,-0.0004397650032448297,66.5,0.014183320260853893,4577.10009765625,0.01419443613158311
2021-12-03,17196.69921875,-0.011847592241934006,36196.7265625,-0.008557911480964473,35848.05078125,-0.008604924950782201,10788.75,-0.007792558934951762,18.450000762939453,0.019900531084299677,74.9834976196289,-0.00045856976270919336,66.26000213623047,-0.003608990432624526,4538.43017578125,-0.008448563730297565
2021-12-06,16912.25,-0.016679248094838027,35735.484375,-0.012824533074342503,34879.3984375,-0.027392841793448745,10589.7998046875,-0.018612669301473588,20.079999923706055,0.0883468343286351,75.23400115966797,0.003340782278652865,69.48999786376953,0.04874729283736201,4591.669921875,0.011730872577451423
2021-12-07,17176.69921875,0.015515557382479443,36617.97265625,0.024395020841994974,35272.30078125,0.011201623237834838,10759.0,0.015851358361515435,18.459999084472656,-0.08067733293767876,75.39129638671875,0.0020907465325012975,72.05000305175781,0.03683990886007793,4686.75,0.020707080374404274
2021-12-08,17469.75,0.016917044993306308,37284.265625,0.018032228482851565,35959.05078125,0.019282837239480693,11007.7001953125,0.022852432044133213,17.270000457763672,-0.06446363411306633,75.40859985351562,0.0002295154431104507,72.36000061035156,0.004302533594218838,4701.2099609375,0.0030852853123166657
2021-12-09,17516.849609375,0.002692438725331353,37082.01953125,-0.005439201163381493,35946.3515625,-0.0003532201606027924,11058.75,0.0046269241595534635,16.600000381469727,-0.0387956026945413,75.38330078125,-0.0003354931972582298,70.94000244140625,-0.019624076243335065,4667.4501953125,-0.007181080169894716
2021-12-10,17511.30078125,-0.00031682107730694167,37105.21875,0.0006254234567475055,35939.6015625,-0.00018779746880734425,11080.0498046875,0.0019242065014738001,16.059999465942383,-0.03253017488663057,75.59919738769531,0.0028639845192213187,71.66999816894531,0.010290325661350463,4712.02001953125,0.009549073338481762
2021-12-13,17368.25,-0.0082026046847206,36924.8203125,-0.004873664714004366,36050.55078125,0.003082346764956783,11047.150390625,-0.0029736648121186414,16.56999969482422,0.031755930625238626,75.70999908447266,0.0014656464698841187,71.29000091552734,-0.005302040785911788,4668.97021484375,-0.009136167611567658
2021-12-14,17324.900390625,-0.0024990311601760175,36893.51953125,-0.0008480489588950047,36102.55078125,0.001441379729401773,10972.150390625,-0.006812231758446668,16.950000762939453,0.022933076349659354,75.82689666748047,0.0015440177575143377,70.7300033569336,-0.007855204816974215,4634.08984375,-0.0074706775774360246
2021-12-15,17221.400390625,-0.005991976410169169,36789.125,-0.0028336279667120308,35737.19921875,-0.010171380394335567,11026.0,0.004895840421124678,17.219999313354492,0.015929117301598072,76.04720306396484,0.002905385900869417,70.87000274658203,0.0019793493991784317,4709.85009765625,0.016348464630746795
2021-12-16,17248.400390625,0.0015665890089298405,36548.22265625,-0.006569727919547287,36160.30078125,0.011769712346248018,10945.75,-0.007304867099974086,15.899999618530273,-0.0766550375992483,76.2114028930664,0.0021591830137848156,72.37999725341797,0.021306539414643444,4668.669921875,-0.008743415379980468
2021-12-17,16985.19921875,-0.015377077556357827,35618.234375,-0.025774849004950525,36647.8984375,0.013394231728472131,10678.650390625,-0.024704795439574725,16.34000015258789,0.02767299022729719,76.1675033569336,-0.0005760231994995646,70.86000061035156,-0.021000230737016623,4620.64013671875,-0.010287680637092622
2021-12-20,16614.19921875,-0.022084626281366433,34439.453125,-0.03365490790407651,35916.44921875,-0.02016069922031336,10405.2998046875,-0.02593118467630322,18.969999313354492,0.16095465949858445,76.00599670410156,-0.002120414162391282,68.2300033569336,-0.03711539981321654,4568.02001953125,-0.01138805785140995
2021-12-21,16770.849609375,0.009384532645495392,34607.44921875,0.004866153862142586,36627.1484375,0.01959433996325143,10483.900390625,0.007525511379397744,17.540000915527344,-0.07538210066357032,75.75869750976562,-0.00325368003920401,71.12000274658203,0.04235672354477105,4649.22998046875,0.017777934551572505
2021-12-22,16955.44921875,0.010947032985081793,35029.09375,0.012110011961913006,36989.1484375,0.009834858128323104,10652.5498046875,0.015958497448930114,16.579999923706055,-0.054732094738458414,75.6864013671875,-0.0009542949516628818,72.76000213623047,0.023059608075271854,4696.56005859375,0.010180197220578835
2021-12-23,17072.599609375,0.006885546336514033,35190.73828125,0.0046039647802835,37362.8515625,0.01005235291263651,10731.0498046875,0.007342108351484499,15.829999923706055,-0.045235223368587096,75.45850372314453,-0.003011077814855212,73.79000091552734,0.014156112548875166,4725.7900390625,0.006223699921661829
2021-12-24,17003.75,-0.0040409083631890875,34856.64453125,-0.009539151071689412,37727.80078125,0.009720306878529296,10620.75,-0.01033175534231162,16.149999618530273,0.020214762878489223,75.06739807128906,-0.005183056018317367,73.79000091552734,0.0,4725.7900390625,0.0
2021-12-27,17086.25,0.004840138519222991,35057.4921875,0.005745567869400785,37988.5,0.0068862383994391764,10641.650390625,0.0019659489965963783,17.1200008392334,0.06006199650866617,75.31500244140625,0.003298427499539125,75.56999969482422,0.02412249298295266,4791.18994140625,0.01383893524747526
2021-12-28,17233.25,0.008566610759914585,35183.390625,0.0035847662296057477,38357.80078125,0.009674434985039934,10783.849609375,0.013274024568778122,16.479999542236328,-0.037383251496717174,74.98030090332031,-0.004444022136842252,75.9800033569336,0.005425481854771652,4786.35009765625,-0.0010101548486260992
2021-12-29,17213.599609375,-0.00114091088034896,35044.9921875,-0.003941386975472989,38274.6484375,-0.0021701610018270774,10829.5498046875,0.004228882513425058,16.239999771118164,-0.014563093312173536,74.74500274658203,-0.0031381330016490017,76.55999755859375,0.00763351113496924,4793.06005859375,0.0014018951394270118
2021-12-30,17203.94921875,-0.0005607831589689821,35063.1953125,0.0005192867212277838,38658.80078125,0.00998669734436362,10755.650390625,-0.006847256650324773,16.56999969482422,0.020320192632818923,74.57029724121094,-0.0023373536551122287,76.98999786376953,0.0056165140920581,4778.72998046875,-0.0029897555945093135
2021-12-31,17354.05078125,0.008686990360265219,35481.28515625,0.01185336503081422,38701.05078125,0.0010922979645746989,10936.900390625,0.016711194534796626,16.219999313354492,-0.021122533971986268,74.43119812011719,-0.0018653421836821726,75.20999908447266,-0.023119870485598715,4766.18017578125,-0.0026261799136575448
2022-01-03,17625.69921875,0.015532066331647875,36421.4765625,0.02615323732866786,39123.80078125,0.010864245794688303,11114.5498046875,0.01611261444152876,16.450000762939453,0.014180114631422436,74.51380157470703,0.0011097961160928538,76.08000183105469,0.011567647349721266,4796.56005859375,0.006374052530970564
2022-01-04,17805.25,0.01013533773365083,36839.71875,0.011417960887834356,39370.69921875,0.006290867557605546,11139.400390625,0.0022333649575728945,16.1200008392334,-0.020060784705221324,74.4032974243164,-0.00148300245129529,76.98999786376953,0.011961041151597351,4793.5400390625,-0.000629621957060511
2022-01-05,17925.25,0.006716975758933995,37695.4609375,0.02296311067640673,38609.1484375,-0.019532610447592653,11256.849609375,0.01048838938908446,17.229999542236328,0.06885847675028511,74.53489685058594,0.0017687311023197871,77.8499984741211,0.011170290092400004,4700.580078125,-0.019392757790687165
2022-01-06,17745.900390625,-0.01005580805311726,37489.8125,-0.005470458267925107,38009.0,-0.0156662807531284,11316.599609375,0.005293842244567909,17.979999542236328,0.043528730117578185,74.43009948730469,-0.0014060174188116337,79.45999908447266,0.020680804648785633,4696.0498046875,-0.0009637690162076495
2022-01-07,17812.69921875,0.0037571168401497185,37739.1640625,0.006629160386206079,38139.8515625,0.0034367344643352424,11290.900390625,-0.0022735136410171044,17.600000381469727,-0.021134547855463315,74.41929626464844,-0.0001451458849398568,78.9000015258789,-0.007047540461187607,4677.02978515625,-0.004050216740091761
2022-01-10,18003.30078125,0.010643475643964555,38347.453125,0.015989724477208898,38212.19921875,0.00189510765362214,11501.7001953125,0.018497741367997794,17.68000030517578,0.004545450112051208,74.2699966430664,-0.002006195020322399,78.2300033569336,-0.008491738352191969,4670.2900390625,-0.0014410312534549607
2022-01-11,18055.75,0.0029090757855369247,38441.75390625,0.002456095909850343,38605.44921875,0.010238622070295661,11479.7001953125,-0.0019145923526364065,17.760000228881836,0.0045248824844552615,74.05699920654297,-0.002867879980486321,81.22000122070312,0.038220602524166036,4713.06982421875,0.009159984668711818
2022-01-12,18212.349609375,0.008635720331115329,38727.1015625,0.007395443538689877,38604.75,-1.8112082525204537e-05,11645.900390625,0.01437394512120975,17.18000030517578,-0.03265765294095224,73.81529998779297,-0.0032636917690374023,82.63999938964844,0.017483355671057854,4726.35009765625,0.002817754443029452
2022-01-13,18257.80078125,0.002492514833041471,38469.50390625,-0.006673832632993338,38607.0,5.82812849244831e-05,11686.150390625,0.003450193067449982,16.700000762939453,-0.02793943735214721,73.79910278320312,-0.0002194288256299748,82.12000274658203,-0.006292311797034489,4659.02978515625,-0.0142436152864307
2022-01-14,18255.75,-0.00011232987251458901,38369.953125,-0.0025911384800170797,38826.8515625,0.005678450672909412,11643.0498046875,-0.0036949946517058755,16.559999465942383,-0.008383310814437883,73.97229766845703,0.002346842694858964,83.81999969482422,0.02070137471242295,4662.85009765625,0.0008199802697488323
2022-01-17,18308.099609375,0.0028634646353713476,38215.703125,-0.004028174886185262,38804.94921875,-0.0005642621737667041,11881.25,0.02025210855813803,16.770000457763672,0.012681219721847325,74.37899780273438,0.005498005971102504,83.81999969482422,0.0,4662.85009765625,0.0
2022-01-18,18113.05078125,-0.010710847446216868,38209.85546875,-0.00015302881310933595,38091.75,-0.018550072426377576,11598.75,-0.024064193569350176,17.780000686645508,0.06022660711462624,74.25509643554688,-0.0016658111946615817,85.43000030517578,0.01920783364606682,4577.10986328125,-0.018387945694007368
2022-01-19,17938.400390625,-0.009689027834056424,38040.91015625,-0.004431315215625131,37281.69921875,-0.021495154571652197,11681.400390625,0.007100532985443107,17.81999969482422,0.00224966291529749,74.61969757080078,0.0049101159752769075,86.95999908447266,0.017909385155464808,4532.759765625,-0.009689541868338813
2022-01-20,17757.0,-0.010163883876396832,37850.41015625,-0.0050203475002711835,36662.19921875,-0.016756338468113814,11583.2001953125,-0.008442077323915402,17.790000915527344,-0.0016834332104723737,74.44920349121094,-0.002284840131227761,86.9000015258789,-0.0006899443333189259,4482.72998046875,-0.01103737849414832
2022-01-21,17617.150390625,-0.00790692279190989,37573.86328125,-0.007333132999949593,36054.6015625,-0.016711730730102948,11561.75,-0.001853553476917204,18.889999389648438,0.06183240120920974,74.45220184326172,4.027379622861815e-05,85.13999938964844,-0.02025318878396498,4397.93994140625,-0.018914821867908604
2022-01-24,17149.099609375,-0.02692721026213864,36947.12109375,-0.0168209523922673,34821.6015625,-0.034796570723512756,11261.2001953125,-0.026339029556802413,22.829999923706055,0.20857600113087904,74.41320037841797,-0.0005238456872753705,83.30999755859375,-0.0214940315265868,4410.1298828125,0.002771738943381896
2022-01-25,17277.94921875,0.0074854055398087425,37706.3125,0.020339789962539868,34707.44921875,-0.0032835899536339465,11522.75,0.022960135744504624,21.360000610351562,-0.06438893203096707,74.6447982788086,0.003112322803116463,85.5999984741211,0.027487708349970053,4356.4501953125,-0.012171906253646725
2022-01-27,17110.150390625,-0.009759199363728934,37981.66015625,0.007275895001456312,33475.05078125,-0.036153930239010146,11561.599609375,0.00336588612720529,21.06999969482422,-0.013576821500033254,74.8949966430664,0.0033518526411349114,86.61000061035156,0.011799090586851024,4326.509765625,-0.006872666585220122
2022-01-28,17101.94921875,-0.0004794310858279706,37688.9609375,-0.007736177510298857,33851.94921875,0.01119617314435152,11493.400390625,-0.005916236623276394,20.700000762939453,-0.01756046213781648,75.20929718017578,0.0041965491848174885,86.81999969482422,0.0024246516914070426,4431.85009765625,0.024347646888076113
2022-01-31,17339.849609375,0.01381485185545943,37974.91015625,0.007558444366477401,34824.55078125,0.028326038553925514,11703.5,0.01811495080632864,21.950000762939453,0.06038647120428875,75.03900146484375,-0.0022642907421945857,88.1500015258789,0.015319072054016392,4515.5498046875,0.018885951732779516
2022-02-01,17576.849609375,0.013575374822651254,38505.05078125,0.013863739199237906,35371.6484375,0.015587987394014588,11616.099609375,-0.007495909134906717,19.979999542236328,-0.08974948301729857,74.55580139160156,-0.006439319071544047,88.19999694824219,0.0005671630345758238,4546.5400390625,0.00686300355780145
2022-02-02,17780.0,0.01149155699474709,39330.04296875,0.021199257148980553,35788.75,0.011722990552369465,11632.400390625,0.0014023084432327603,18.649999618530273,-0.06656656427316365,74.74549865722656,0.0025443662610320494,88.26000213623047,0.0006803309531120405,4589.3798828125,0.00942251544733641
2022-02-03,17560.19921875,-0.01243929691182117,39009.546875,-0.008182271121833477,35056.80078125,-0.02066397270320176,11683.400390625,0.004374722688343598,19.15999984741211,0.02734585733584205,74.82240295410156,0.001028881982949592,90.2699966430664,0.022773560595811926,4477.43994140625,-0.024391082077444004
2022-02-04,17516.30078125,-0.002503012582150695,38788.90234375,-0.005672224190906051,35080.1015625,0.0006644371601422834,11560.599609375,-0.010566333142330275,18.899999618530273,-0.013569949423405281,74.6438980102539,-0.002385715197588012,92.30999755859375,0.02259888103899721,4500.52978515625,0.0051569298644233985
2022-02-07,17213.599609375,-0.017432174227495423,37995.0078125,-0.02067940590792808,34621.25,-0.01316640727479353,11407.25,-0.013353613049417724,20.440000534057617,0.08148153156667104,74.64219665527344,-2.279295462614961e-05,91.31999969482422,-0.010724709023430812,4483.8701171875,-0.0037017126347429485
2022-02-08,17266.75,0.003082940476216172,38028.0078125,0.0008681581966032825,34521.55078125,-0.002883866048835683,11429.7998046875,0.0019748445801066033,19.68000030517578,-0.037182006312353355,74.6583023071289,0.00021577140782502724,89.36000061035156,-0.021462977343655654,4521.5400390625,0.008401207191663262
2022-02-09,17463.80078125,0.0113475249468573,38609.80078125,0.015183214554557787,34983.30078125,0.013287037751130024,11680.150390625,0.02166689047401137,18.559999465942383,-0.05691061086715743,74.69519805908203,0.0004941948961194598,89.66000366210938,0.0033572409322819574,4587.18017578125,0.014517207887505545
2022-02-10,17605.849609375,0.00810099920504003,39010.49609375,0.010324590037426515,35341.8515625,0.010197031250440133,11674.0498046875,-0.0005224401628177915,17.709999084472656,-0.045797435664234665,74.80889892578125,0.0015221978072712528,89.87999725341797,0.002453642452856286,4504.080078125,-0.01811572566845976
2022-02-11,17374.75,-0.013213208134273142,38516.80078125,-0.012736210494940234,34379.05078125,-0.027620468392787447,11552.900390625,-0.010431891549176113,18.68000030517578,0.054771387399651594,75.53839874267578,0.009751511215507547,93.0999984741211,0.035825559847585176,4418.64013671875,-0.01896945434456343
2022-02-14,16842.80078125,-0.031094690696753635,36908.12109375,-0.0426629193614856,33880.6484375,-0.014603381110990675,11107.150390625,-0.03934744125544064,22.979999542236328,0.2301926748828329,75.34100341796875,-0.002613178568683483,95.45999908447266,0.025349093974556425,4401.669921875,-0.0038405967262932217
2022-02-15,17352.44921875,0.02981034961442144,38169.65625,0.03360925027984842,34913.30078125,0.03002385897241093,11552.2998046875,0.03929545417612022,20.610000610351562,-0.10313311484314003,75.6854019165039,0.004571196067359784,92.06999969482422,-0.035512250389282185,4471.06982421875,0.01576672117072042
2022-02-16,17322.19921875,-0.001744791023833279,37953.359375,-0.005682839948649218,34801.94921875,-0.0031944705696928155,11509.7001953125,-0.003694359363973429,20.59000015258789,-0.0009704248991446729,75.17479705810547,-0.006746411401259866,93.66000366210938,0.017269512029492784,4475.009765625,0.0008812077558950637
2022-02-17,17304.599609375,-0.001016531212017758,37531.2109375,-0.011185142523866709,34634.1015625,-0.0048346062684288624,11492.849609375,-0.0014651061812517234,22.010000228881836,0.0689655204356796,75.04199981689453,-0.001766512799606157,91.76000213623047,-0.020286156860866766,4380.259765625,-0.021173138152195015
2022-02-18,17276.30078125,-0.0016366742405402451,37598.7109375,0.0017968877506444516,34483.1015625,-0.004369396717721713,11420.4501953125,-0.006319443783385184,22.170000076293945,0.007269415981293603,75.06300354003906,0.0002798929025848995,91.06999969482422,-0.0075196428219546085,4348.8701171875,-0.0071661613961429005
2022-02-21,17206.650390625,-0.004039705592356217,37685.1640625,0.002296724577552387,34472.05078125,-0.00032052083039468555,11361.599609375,-0.005166411042406466,22.899999618530273,0.0329273585802512,74.68240356445312,-0.005070406959973628,91.06999969482422,0.0,4348.8701171875,0.0
2022-02-22,17092.19921875,-0.00667378632095619,37371.21484375,-0.008365739310007508,34129.55078125,-0.00998527258723516,11343.0498046875,-0.0016340097110966942,26.65999984741211,0.16419215246795504,74.51699829101562,-0.0022147824058013077,92.3499984741211,0.014055109076382521,4304.759765625,-0.010142945264832837
2022-02-23,17063.25,-0.0016951453630000418,37391.6171875,0.0005457884272746232,34114.30078125,-0.0004469267166105107,11318.7001953125,-0.0021489619067915507,24.540000915527344,-0.07951984036078508,74.62300109863281,0.0014225319061189623,92.0999984741211,-0.0027070926272950713,4225.5,-0.018412122845487655
2022-02-24,16247.9501953125,-0.04896026903082192,35227.69140625,-0.05961407892079611,32547.900390625,-0.04700381167863502,10609.7998046875,-0.06467815854848101,31.979999542236328,0.3031784168354057,74.63300323486328,0.0001340355665573334,92.80999755859375,0.007709002130680265,4288.7001953125,0.014956856067329216
2022-02-25,16658.400390625,0.024947858168202962,36430.328125,0.033569156974585776,33476.94921875,0.028144256525027576,10895.2998046875,0.026553401759791116,26.739999771118164,-0.16385240294320957,75.4083023071289,0.010388153211868367,91.58999633789062,-0.01314514872099748,4384.64990234375,0.022372677655603468
2022-02-28,16793.900390625,0.008101131335537446,36204.87890625,-0.0062077318136890556,33847.8515625,0.011018409023084715,10820.5498046875,-0.006884399788678234,28.56999969482422,0.06843679653590096,75.06800079345703,-0.0045127857710662855,95.72000122070312,0.045092314094830055,4373.93994140625,-0.002442603440647617
2022-03-02,16605.94921875,-0.011254730666993663,35372.390625,-0.023262296174070198,33720.0,-0.0037843948602910445,10500.4501953125,-0.030028953880887235,29.229999542236328,0.023101149963668854,75.80120086669922,0.009767145328134275,110.5999984741211,0.15545337509042567,4386.5400390625,0.002880720317389507
2022-03-03,16498.05078125,-0.006518778370608893,34943.89453125,-0.01218782809600328,34130.30078125,0.012094442557438086,10261.099609375,-0.023058123585508003,28.15999984741211,-0.036606216612426135,75.63099670410156,-0.002245401928354318,107.66999816894531,-0.02649186569257833,4363.490234375,-0.005254666430088317
2022-03-04,16245.349609375,-0.015435549523985674,34407.40234375,-0.01547203625402741,34177.69921875,0.0013877860604102172,9896.650390625,-0.036163652895022165,27.959999084472656,-0.007102299858777639,75.8917007446289,0.003447052820780838,115.68000030517578,0.07439400271616936,4328.8701171875,-0.007934042550334475
2022-03-07,15863.150390625,-0.023807855961420165,32870.8671875,-0.045684955974205715,34135.8984375,-0.0012237911016574157,9480.4501953125,-0.04296455141147642,29.329999923706055,0.04899860100475517,76.41799926757812,0.006934862676489351,119.4000015258789,0.0321576868161253,4201.08984375,-0.029518158313449172
2022-03-08,16013.4501953125,0.009430172336242727,33157.71484375,0.008688645189558955,35055.55078125,0.02658439780264202,9560.0,0.008355922966929505,28.59000015258789,-0.025230132050565013,77.08080291748047,0.008673397056386367,123.69999694824219,0.03601336153610757,4170.7001953125,-0.00723375351819977
2022-03-09,16345.349609375,0.020514423015661167,33815.0546875,0.019630693424052787,35440.55078125,0.010922698395287988,9832.349609375,0.028090202885471198,27.469999313354492,-0.03917456569625166,76.91449737548828,-0.00215754812738822,108.69999694824219,-0.12126111859385258,4277.8798828125,0.02569824789143582
2022-03-10,16594.900390625,0.015152013456311012,34475.19921875,0.0193340940253629,35399.1015625,-0.0011702266205095902,10019.349609375,0.0188402543572294,25.579999923706055,-0.06880230931529796,76.13490295410156,-0.010135857972012996,106.0199966430664,-0.024655017299143767,4259.52001953125,-0.004291813651667864
2022-03-11,16630.44921875,0.0021398626113986923,34545.84765625,0.0020471570737269113,35348.69921875,-0.0014248457682244883,9979.7001953125,-0.003965134983714083,25.350000381469727,-0.008991381662326714,76.310302734375,0.002303802506705477,109.33000183105469,0.03122057435194936,4204.31005859375,-0.012961545123475138
2022-03-14,16871.30078125,0.014378694372337426,35311.73828125,0.021928078497205673,36028.0,0.01903481946245483,10074.2998046875,0.009434557801287121,25.68000030517578,0.013017748273774332,76.75370025634766,0.005810454238611262,103.01000213623047,-0.05780663668688468,4173.10986328125,-0.007421002465963666
2022-03-15,16663.0,-0.012423307208470636,35022.2421875,-0.00823208715564856,35097.8515625,-0.026156494368610415,10131.2998046875,0.005642015313128536,26.729999542236328,0.04088782027190718,76.49009704589844,-0.0034344039384266445,96.44000244140625,-0.06378021122779332,4262.4501953125,0.021408574170870942
2022-03-16,16975.349609375,0.018571576221107083,35747.8359375,0.020506383369126257,35729.6484375,0.017840913013370038,10350.099609375,0.02136652132255746,24.1200008392334,-0.09764305079313018,76.26589965820312,-0.0029310642338548076,95.04000091552734,-0.014516813463681721,4357.85986328125,0.02238376135718223
2022-03-17,17287.05078125,0.01819544269851146,36428.12890625,0.01885151426673634,35643.6015625,-0.0024111811270534213,10576.0,0.021591139350060747,22.610000610351562,-0.06260365573560356,76.02420043945312,-0.0031691649850484893,102.9800033569336,0.08354379592718453,4411.669921875,0.01234781757145198
2022-03-21,17117.599609375,-0.009850560325581039,36018.08203125,-0.011320157355513304,35377.75,-0.007486559981381806,10448.400390625,-0.012138389082791067,24.6200008392334,0.08889872510492536,75.94640350341797,-0.0010233180432738243,112.12000274658203,0.08875508925717135,4461.18017578125,0.011222565328552037
2022-03-22,17315.5,0.011494902983443505,36348.12890625,0.009121637271411787,36070.44921875,0.01939085746241509,10572.900390625,0.011845266571460221,24.06999969482422,-0.022339607053657007,76.30709838867188,0.004749334644104319,111.76000213623047,-0.0032108508877336517,4511.60986328125,0.0113041136006502
2022-03-23,17245.650390625,-0.004042093720190609,36146.9296875,-0.005550715848474638,36082.0,0.00032017711037513085,10463.4501953125,-0.01040590976045612,24.75,0.028250947810439797,76.10189819335938,-0.002689136392885816,114.93000030517578,0.028364335257270445,4456.240234375,-0.012272698789159042
2022-03-24,17222.75,-0.0013287761390126268,35526.6875,-0.017307837810868528,36516.75,0.011976933403135557,10412.400390625,-0.004890809716870557,23.93000030517578,-0.03313130080097848,76.55239868164062,0.0059197010715372755,112.33999633789062,-0.022535490824048265,4520.16015625,0.01434391292056647
2022-03-25,17153.0,-0.004058098847076208,35409.69140625,-0.003298623404219635,36152.30078125,-0.010030467453149283,10354.150390625,-0.005609997864760102,23.43000030517578,-0.020894274702196958,76.32350158691406,-0.002990070836035863,113.9000015258789,0.01388646287023354,4543.06005859375,0.005066170567449069
2022-03-28,17222.0,0.004014550846285441,35710.0859375,0.00844761693214971,36026.05078125,-0.0034982824079710334,10421.599609375,0.006493094663055286,22.610000610351562,-0.03499785250293308,76.27850341796875,-0.000589571599962202,105.95999908447266,-0.06971029266933082,4575.52001953125,0.007144955276586762
2022-03-29,17325.30078125,0.00598026976240216,35846.98046875,0.00382616854299595,36146.75,0.0033447318094243627,10416.25,-0.0005134512046887033,21.299999237060547,-0.05793902423387176,76.03410339355469,-0.0032040484994162455,104.23999786376953,-0.01623255224202025,4631.60009765625,0.012256547427530462
2022-03-30,17498.25,0.009932969892759297,36333.87890625,0.013491272531405238,36463.55078125,0.008726111531624677,10542.150390625,0.012014457470232977,20.610000610351562,-0.032394302883750004,75.66670227050781,-0.004832057019798053,107.81999969482422,0.034343840218928,4602.4501953125,-0.0062937001746978805
2022-03-31,17464.75,-0.001916312115762529,36373.1796875,0.0010810720674924797,36317.19921875,-0.004021716175222505,10552.099609375,0.000943311043318881,20.559999465942383,-0.0024260622478616822,75.82779693603516,0.002129003388457784,100.27999877929688,-0.06993137578249586,4530.41015625,-0.015652540713177343
2022-04-01,17670.44921875,0.01170914487476482,37148.06640625,0.02108004024108571,36343.3984375,0.0007211396748850269,10676.849609375,0.011752954393343713,18.43000030517578,-0.10359918366218557,75.9092025756836,0.001073559340212693,99.2699966430664,-0.010071820388164898,4545.85986328125,0.0034102225843584133
2022-04-04,18053.400390625,0.0214403456403388,38634.75,0.039240409022768846,36442.8984375,0.0027340328125372475,10803.849609375,0.011824706309960346,17.90999984741211,-0.028214891435332068,75.99479675292969,0.001127586304977335,103.27999877929688,0.04039490552869429,4582.64013671875,0.008090938687879357
2022-04-05,17957.400390625,-0.005331746328175393,38067.45703125,-0.014792359567440634,36466.55078125,0.0006488142437822155,10936.5,0.012203303001322191,18.489999771118164,0.03238413895295822,75.47799682617188,-0.006800464621781965,101.95999908447266,-0.012780787281426842,4525.1201171875,-0.012551720801807331
2022-04-06,17807.650390625,-0.008374145812508964,37632.36328125,-0.011495365231375872,35871.5,-0.01645231512486395,10906.7998046875,-0.0027193889092761788,19.020000457763672,0.028664180270752793,75.45069885253906,-0.00036166796656889044,96.2300033569336,-0.05619846782061888,4481.14990234375,-0.009716916613271898
2022-04-07,17639.55078125,-0.009484577848941177,37556.9140625,-0.0020069149947807424,35423.25,-0.012574724129420227,10820.7001953125,-0.007925445638340762,19.0,-0.001051548753013165,75.94509887695312,0.006552623526792312,96.02999877929688,-0.0020784014409193086,4500.2099609375,0.004253385628492534
2022-04-08,17784.349609375,0.008175250776633796,37751.61328125,0.0051707199546353055,35394.44921875,-0.0008133781005474242,10894.2998046875,0.006778714363886198,17.690000534057617,-0.06894734031275696,75.91320037841797,-0.00042002050174216876,98.26000213623047,0.023221945072172234,4488.27978515625,-0.002651026482054286
2022-04-11,17674.94921875,-0.006170496392137639,37613.36328125,-0.003668817038860222,34895.8984375,-0.014185707093648947,10882.099609375,-0.0011204971360950706,18.270000457763672,0.03278687994324314,75.91729736328125,5.396933396117909e-05,94.29000091552734,-0.04040302396084827,4412.52978515625,-0.01687729010355421
2022-04-12,17530.30078125,-0.008217481851263662,37746.9609375,0.003545573817275385,34379.5,-0.014908842511380135,10788.7998046875,-0.008610660717716082,18.15999984741211,-0.006020832380703056,75.83699798583984,-0.0010577217607886658,100.5999984741211,0.06692117400917996,4397.4501953125,-0.003417447717741773
2022-04-13,17475.650390625,-0.0031223510971550208,37462.96484375,-0.007552126680072597,34354.80078125,-0.0007186868719803648,10698.2998046875,-0.008423708810660138,17.790000915527344,-0.020374390693483013,76.1498031616211,0.004124704090207487,104.25,0.03628232188112657,4446.58984375,0.011174577597236057
2022-04-18,17173.650390625,-0.017432250630348714,36728.57421875,-0.019797799623324955,32780.05078125,-0.0469216471698859,10745.75,0.004425495481251516,19.34000015258789,0.08712755240544623,76.3313980102539,0.0023847054239574117,108.20999908447266,0.0379856027287544,4391.68994140625,-0.012346518179749744
2022-04-19,16958.650390625,-0.012598203971631295,36341.1796875,-0.010603516236041185,31804.19921875,-0.030221790495664896,10615.150390625,-0.012228064764535258,19.770000457763672,0.022233728117020846,76.28019714355469,-0.0006707707186541789,102.55999755859375,-0.05221330351798925,4462.2099609375,0.016057604355527166
2022-04-20,17136.55078125,0.010435603778864927,36314.4765625,-0.0007350598034777446,32173.400390625,0.0115417043649567,10848.7001953125,0.021763012342132303,18.670000076293945,-0.05563987637834156,76.44539642333984,0.002165690257384334,102.75,0.0018525979517276525,4459.4501953125,-0.0006184750715809706
2022-04-21,17392.599609375,0.014831150992767859,36815.671875,0.013707155543572914,32611.599609375,0.013528004986350407,11090.5498046875,0.022048101607739828,17.850000381469727,-0.043920711916086486,76.27619934082031,-0.0022133063655337404,103.79000091552734,0.01012166341145826,4393.66015625,-0.014752948498371943
2022-04-22,17171.94921875,-0.012767612798961313,36044.33203125,-0.021173994526368915,32426.69921875,-0.005685907906628326,11028.150390625,-0.00564224652005547,18.350000381469727,0.028011203883169467,76.28520202636719,0.00011802745318556518,102.06999969482422,-0.016571935692562545,4271.77978515625,-0.027740054250753654
2022-04-25,16953.94921875,-0.012776394201003337,36081.93359375,0.001042659441208551,31744.0,-0.02127840231448252,10916.5,-0.01017572410975432,21.260000228881836,0.1585830946549025,76.4635009765625,0.002337267850895719,98.54000091552734,-0.03458409708877341,4296.1201171875,0.005697936985382235
2022-04-26,17200.80078125,0.014455140840464372,36404.37890625,0.008896781426584958,31840.05078125,0.0030212247609531476,11221.75,0.027578453290730377,19.190000534057617,-0.09736593003475658,76.52780151367188,0.0008409311146906351,101.69999694824219,0.03206815509798622,4175.2001953125,-0.028146308431003852
2022-04-27,17038.400390625,-0.00948629657994312,36028.43359375,-0.01038061827010345,31594.349609375,-0.007746661088837714,11158.849609375,-0.005620989369094928,20.610000610351562,0.07399687528792853,76.79409790039062,0.003479733919589778,102.0199966430664,0.00314650643487302,4183.9599609375,0.0020980468517017847
2022-04-28,17245.05078125,0.012055547873445796,36421.77734375,0.010858425660384568,31914.349609375,0.010077444887471003,11192.0498046875,0.002970817336296986,19.3799991607666,-0.0596798356700281,76.47219848632812,-0.004191720755415851,105.36000061035156,0.03273871865503697,4287.5,0.02474690007293945
2022-04-29,17102.55078125,-0.008297570200330234,36087.73046875,-0.009213943063895672,31622.400390625,-0.00918999708001551,11078.099609375,-0.010233536169645377,19.420000076293945,0.002064030818346163,76.58899688720703,0.0015273315425838874,104.69000244140625,-0.006359132166514847,4131.93017578125,-0.036284507106413955
2022-05-02,17069.099609375,-0.0019578324241160947,36163.328125,0.002092638787834918,31138.80078125,-0.015411087474892733,10938.2998046875,-0.012699777199091015,20.280000686645508,0.04428427430344706,76.52310180664062,-0.0008603726807318024,105.16999816894531,0.004584924217646336,4155.3798828125,0.005675242812353654
2022-05-04,16677.599609375,-0.023203310190181764,35264.140625,-0.025178968843346708,30794.599609375,-0.011115317858957885,10661.0,-0.025678151041892305,21.8799991607666,0.07889538559901044,76.46730041503906,-0.0007292097456080837,107.80999755859375,0.02510221009424707,4300.169921875,0.03484399577073116
2022-05-05,16682.650390625,0.00030280236440618743,35232.44140625,-0.0008993122779307223,31432.44921875,0.02050143667061183,10705.7001953125,0.004184105183931474,20.290000915527344,-0.07266902679275744,76.00160217285156,-0.0060901619340534285,108.26000213623047,0.004174052386858973,4146.8701171875,-0.035649708609806985
2022-05-06,16411.25,-0.016402205362178027,34590.796875,-0.01837962861109129,30719.44921875,-0.02294479487719916,10518.4501953125,-0.017645451532553664,21.25,0.04731390050051676,76.54180145263672,0.007107735420584627,109.7699966430664,0.013947852180307585,4123.33984375,-0.0056742248424840325
2022-05-09,16301.849609375,-0.0066885009232451696,34275.0,-0.009171434963001835,30733.30078125,0.00045080367386587895,10483.5,-0.0033282840165594686,22.030000686645508,0.03670591466567097,76.9574966430664,0.00543095645177516,103.08999633789062,-0.060854518624946285,3991.239990234375,-0.03203710063235676
2022-05-10,16240.0498046875,-0.003798172823006312,34482.24609375,0.006028360155575292,30427.19921875,-0.01000986317562665,10472.4501953125,-0.0010545745345432068,22.299999237060547,0.012255948343147915,77.3655014038086,0.005301689614912286,99.76000213623047,-0.03230181705260393,4001.050048828125,0.0024578974498534745
2022-05-11,16167.099609375,-0.004502112641840228,34692.74609375,0.006086033206013531,30050.25,-0.012465939125670313,10377.400390625,-0.009117615760324235,22.799999237060547,0.022421525430774247,77.27140045166016,-0.0012163167101739703,105.70999908447266,0.05964311167633074,3935.179931640625,-0.01646320750393837
2022-05-12,15808.0,-0.022462147872579268,33531.7578125,-0.034037634638871425,29756.849609375,-0.009811635952861221,10164.349609375,-0.020743940612432437,24.270000457763672,0.06447373990757388,77.41840362548828,0.0019024266801024314,106.12999725341797,0.003973116758895223,3930.080078125,-0.0012959645058717717
2022-05-13,15782.150390625,-0.0016365617019766783,33120.96484375,-0.012326523322621099,29624.849609375,-0.004445821495686129,10412.349609375,0.024106102415488502,23.489999771118164,-0.03213847020740357,77.44380187988281,0.000328064816699003,110.48999786376953,0.04108169907835513,4023.889892578125,0.02386969542307149
2022-05-16,15842.2998046875,0.003803986233609079,33597.2109375,0.014276594862845033,29403.5,-0.00749980808753861,10649.099609375,0.02248278074941003,24.530000686645508,0.04427419862328241,77.48629760742188,0.0005487298725981304,114.19999694824219,0.03357769170243774,4008.010009765625,-0.003946400929555671
2022-05-17,16259.2998046875,0.025981475212963467,34301.5,0.020746029282794207,30218.75,0.027348877775489583,10911.150390625,0.02430989311241395,22.739999771118164,-0.07297190645827611,77.8053970336914,0.004118140059887976,112.4000015258789,-0.015761781702840816,4088.85009765625,0.020169632234863677
2022-05-18,16240.2998046875,-0.0011692453072036017,34163.30078125,-0.004037093656067744,30077.69921875,-0.004678585235705807,10909.4501953125,-0.00015583396151213057,22.299999237060547,-0.019349188148034102,77.37239837646484,-0.0055651493821060605,109.58999633789062,-0.02500004581709292,3923.679931640625,-0.04039526078745259
2022-05-19,15809.400390625,-0.026891070897403772,33315.26171875,-0.0251363894711668,28352.150390625,-0.05908112859951811,10618.0,-0.027078729850177174,24.559999465942383,0.1013453052108595,77.81999969482422,0.005785025768252794,112.20999908447266,0.023907316672444834,3900.7900390625,-0.005833781800992588
2022-05-20,16266.150390625,0.02848156086057151,34276.0,0.028429798939993343,28789.400390625,0.015304398587292621,10914.599609375,0.02755063256338998,23.100000381469727,-0.05944621808714823,77.42109680175781,-0.0051259688335997255,113.2300033569336,0.009090137071412485,3901.360107421875,0.00014614176965843662
2022-05-23,16214.7001953125,-0.0031680351601504043,34247.203125,-0.0008405000169867097,29079.30078125,0.010019330309325473,11115.2001953125,0.01821225180326815,23.399999618530273,0.012986979744866067,77.81839752197266,0.005131685504690786,110.29000091552734,-0.02596487109638701,3973.75,0.018555039930923556
2022-05-24,16125.150390625,-0.005538061057189644,34289.75,0.0012415749030434367,28531.5,-0.019017867636093547,11116.2998046875,9.892354325135078e-05,25.639999389648438,0.09572648750576596,77.52680206298828,-0.003747127520867255,109.7699966430664,-0.004714881386747027,3941.47998046875,-0.008120797617175213
2022-05-25,16025.7998046875,-0.006180277818558741,34339.1015625,0.0014382164318134708,27566.099609375,-0.034421997326427034,11011.5,-0.00947230083458056,25.280000686645508,-0.014040511371785414,77.47879791259766,-0.0006191942542866924,110.33000183105469,0.005101623440959102,3978.72998046875,0.009450764734207695
2022-05-26,16170.150390625,0.008967062770830264,35094.4921875,0.021759508299158934,27932.55078125,0.013205960684009208,11097.150390625,0.007748172557542447,22.719999313354492,-0.10126587435748646,77.49729919433594,0.00023879154345096687,114.08999633789062,0.0340795290894087,4057.840087890625,0.019883256167224195
2022-05-27,16352.4501953125,0.011210771015034579,35612.88671875,0.014663358414524857,28641.599609375,0.025067489378960438,11270.25,0.015478156797457425,21.479999542236328,-0.05457745636415179,77.63020324707031,0.0017149507675242592,115.06999969482422,0.008589739577440358,4158.240234375,0.02474226295510973
2022-05-30,16661.400390625,0.018716945110386057,35826.53125,0.005981156460629871,29753.30078125,0.03807988365191407,11491.400390625,0.019432452921838702,19.979999542236328,-0.06983240372284627,77.69200134277344,0.000796057373525727,115.06999969482422,0.0,4158.240234375,0.0
2022-05-31,16584.55078125,-0.004623104079880039,35486.984375,-0.009522723369526295,29679.05078125,-0.002498640443386706,11586.599609375,0.00825026074543609,20.479999542236328,0.025025025598375716,77.5208969116211,-0.002202342946443614,114.66999816894531,-0.0034761582249043244,4132.14990234375,-0.006274368617659065
2022-06-01,16522.75,-0.003733367056413342,35620.38671875,0.003752142659968513,29260.75,-0.014194408497986333,11563.0,-0.0020388791122586828,20.850000381469727,0.01806644763200982,77.5989990234375,0.0010074975255438545,115.26000213623047,0.0051452339470337005,4101.22998046875,-0.007482768681131846
2022-06-02,16628.0,0.006349802260260305,35613.234375,-0.00020081370746604136,29792.400390625,0.018006313013337334,11491.400390625,-0.006211381633177597,20.31999969482422,-0.025419696736146857,77.58409881591797,-0.0001920154603415325,116.87000274658203,0.013968424262639223,4176.81982421875,0.018431018038486124
2022-06-03,16584.30078125,-0.0026315095876877827,35274.640625,-0.009553011005114655,29903.80078125,0.003732248208508835,11282.150390625,-0.018377098145991755,19.979999542236328,-0.016732291225107332,77.3604965209961,-0.00288206344256714,118.87000274658203,0.017113031171366977,4108.5400390625,-0.016347313992415624
2022-06-06,16569.55078125,-0.0008897910968418909,35309.7890625,0.0009959261712769339,29819.80078125,-0.002812960142777074,11303.150390625,0.001859617124890415,20.200000762939453,0.011011072359539131,77.69419860839844,0.004313598055976531,118.5,-0.003112667098787214,4121.43017578125,0.003137400778913113
2022-06-07,16416.349609375,-0.009288955076891798,34995.59375,-0.008938075341094838,29351.69921875,-0.015822188989731343,11362.2001953125,0.0052105912119041215,20.43000030517578,0.011386115522248108,77.82099914550781,0.0016320463996093437,119.41000366210938,0.007679355798391407,4160.68017578125,0.009523393173235029
2022-06-08,16356.25,-0.003667678332650513,34945.7421875,-0.001425525271252663,29472.150390625,0.004095323275240286,11382.349609375,0.0017718019927192431,19.84000015258789,-0.028879106401110466,77.67060089111328,-0.0019326178800830318,122.11000061035156,0.022611145343251815,4115.77001953125,-0.010793945785935621
2022-06-09,16478.099609375,0.007422115570615706,35085.04296875,0.003978277971944475,29761.55078125,0.009771555301717498,11419.25,0.003236652118354661,19.139999389648438,-0.03528229624777224,77.72429656982422,0.0006913256508238597,121.51000213623047,-0.004913589969061327,4017.820068359375,-0.02379869397635359
2022-06-10,16201.7998046875,-0.01690986774485526,34483.3984375,-0.0172969098967647,29114.30078125,-0.021987828948029822,11394.0,-0.002213626757320184,19.579999923706055,0.02298853438289994,77.8187026977539,0.0012146282706446687,120.66999816894531,-0.006913043803121521,3900.860107421875,-0.029110303335524668
2022-06-13,15774.400390625,-0.026733937520215956,33405.46484375,-0.03175849883600244,27914.599609375,-0.042079653791815594,11165.650390625,-0.020244764831711556,22.3700008392334,0.1424923864350689,78.17759704589844,0.004611929211136623,120.93000030517578,0.002154654348021534,3749.6298828125,-0.038768430665237275
2022-06-14,15732.099609375,-0.0026852114114221596,33310.96484375,-0.0028328873005188013,27953.349609375,0.001387199879567248,11104.150390625,-0.005523188729462754,21.889999389648438,-0.02145737289124794,78.16059875488281,-0.0002174317407791504,118.93000030517578,-0.01653849330152035,3735.47998046875,-0.0037736797459957394
2022-06-15,15692.150390625,-0.0025425739848417965,33338.61328125,0.000829665839268037,27812.44921875,-0.005053301249873618,11206.75,0.00919732783765343,22.149999618530273,0.011877580453692804,77.9854965209961,-0.002240287775121197,115.30999755859375,-0.03043809583194368,3789.989990234375,0.014592504858983224
2022-06-16,15360.599609375,-0.021354848179315097,32616.720703125,-0.021891221328089332,27136.44921875,-0.024605920263000205,10956.599609375,-0.022574296572804135,22.8700008392334,0.03250569901142497,77.90019989013672,-0.0010937499235695869,117.58999633789062,0.01977277623424034,3666.77001953125,-0.03251195148816344
2022-06-17,15293.5,-0.004377862497838008,32742.669921875,0.0038540559649365667,26732.44921875,-0.01499965977944463,10830.900390625,-0.011538782642932892,22.760000228881836,-0.004809821001967696,77.97769927978516,0.0009948548239637756,109.55999755859375,-0.06828811148376057,3674.840087890625,0.002200865698254617
2022-06-20,15350.150390625,0.0036973698916184226,32684.419921875,-0.001780608476689671,26966.19921875,0.008706046920289411,10754.7001953125,-0.0070603096304222585,22.40999984741211,-0.015377872493409939,77.9614028930664,-0.00020898778585753952,109.55999755859375,0.0,3674.840087890625,0.0
2022-06-21,15638.7998046875,0.018629721921802747,33191.36328125,0.015391190574653671,27810.650390625,0.030834853946120223,10974.2001953125,0.020204194674820364,21.139999389648438,-0.05667114977291399,77.93399810791016,-0.0003515173424193385,110.6500015258789,0.009948922887682787,3764.7900390625,0.024477242280086964
2022-06-22,15413.2998046875,-0.01452423294963793,32844.91796875,-0.010492671133527403,27488.400390625,-0.011654943195128574,10881.400390625,-0.008492135644652746,21.299999237060547,0.007568583350596292,78.13490295410156,0.002577884505722716,106.19000244140625,-0.040307266362120675,3759.889892578125,-0.0013015723144006452
2022-06-23,15556.650390625,0.009257464658604653,33134.61328125,0.00878142565204619,28027.80078125,0.019432790924585257,11359.5,0.042999452721158966,20.8799991607666,-0.01971831414731573,78.19309997558594,0.0007448274623000906,104.2699966430664,-0.018080852756353072,3795.72998046875,0.009532217409177868
2022-06-24,15699.25,0.009124715461734611,33627.05859375,0.01475260369986105,27777.80078125,-0.008959733984832787,11583.25,0.019505690832358508,20.549999237060547,-0.015804594682461648,78.14240264892578,-0.0006483606184687352,107.62000274658203,0.0321281884661726,3911.739990234375,0.03056329358583576
2022-06-27,15832.0498046875,0.008423413606869335,33810.85546875,0.005450860473194788,28345.94921875,0.02024696661390934,11686.0498046875,0.008835716961574558,21.010000228881836,0.022384477318700302,78.2522964477539,0.0014063273600870563,109.56999969482422,0.018119279859469373,3900.110107421875,-0.0029730715337762392
2022-06-28,15850.2001953125,0.0011457767431705531,33642.05859375,-0.00500489058758452,28509.099609375,0.0057391855890234385,11832.5498046875,0.012458385898874172,21.450000762939453,0.020942433568028385,78.44110107421875,0.002412767867980836,111.76000213623047,0.019987245117330188,3821.550048828125,-0.020143036075892073
2022-06-29,15799.099609375,-0.003229179201912245,33269.51171875,-0.011135614452400978,28140.099609375,-0.013027729394854269,11850.5,0.0015158688511644816,21.899999618530273,0.02097896688042611,79.07319641113281,0.008058216015045305,109.77999877929688,-0.01771656513141484,3818.830078125,-0.0007117454091590814
2022-06-30,15780.25,-0.0011937935294284723,33424.71484375,0.004654178124814586,27843.349609375,-0.010601446801285006,11701.150390625,-0.012682899828554518,21.84000015258789,-0.0027397016889267878,78.89830017089844,-0.002211827119331544,105.76000213623047,-0.036618661757760296,3785.3798828125,-0.008759278267998716
2022-07-01,15752.0498046875,-0.0017886549985601772,33539.05859375,0.0034150961112778015,28064.25,0.007902379702423171,11711.9501953125,0.0009225438052361991,21.25,-0.02701465881253573,78.96299743652344,0.0008200083586700213,108.43000030517578,0.025245821813676406,3825.330078125,0.010553814029047315
2022-07-04,15835.349609375,0.005274254882250374,33940.50390625,0.011898418832196967,27890.650390625,-0.006205003142101982,11692.099609375,-0.0016963381007361594,20.969999313354492,-0.01317650290096506,78.95069885253906,-0.00015575123011590808,108.43000030517578,0.0,3825.330078125,0.0
2022-07-05,15810.849609375,-0.0015483695040555473,33815.50390625,-0.0036897138969066833,27695.150390625,-0.007034199502846379,11649.7998046875,-0.003624370942702284,20.790000915527344,-0.00858361486509529,78.93949890136719,-0.00014186006374428128,99.5,-0.08235728377794271,3831.389892578125,0.0015841285142366157
2022-07-06,15989.7998046875,0.01125461822453212,34323.8515625,0.014921100566017356,28007.599609375,0.011218566254502313,11952.2001953125,0.02562638247559638,20.270000457763672,-0.025012045929026505,79.36840057373047,0.00543329611072374,98.52999877929688,-0.009748755986966118,3845.080078125,0.0035731642904301975
2022-07-07,16132.900390625,0.00890968266712923,34919.89453125,0.01721621733287406,28196.349609375,0.006716635119631037,12114.099609375,0.013454652998212111,19.200000762939453,-0.052787354250620866,79.04389953613281,-0.004088541979577975,102.7300033569336,0.042626658171838194,3902.6201171875,0.014964587965241805
2022-07-08,16220.599609375,0.005421325887187373,35123.640625,0.005817715166939843,28250.30078125,0.001911581570577708,12124.599609375,0.0008663831802218773,18.399999618530273,-0.041666724615624595,79.22160339355469,0.0022481666322731186,104.79000091552734,0.02005254055561867,3899.3798828125,-0.000830271529819071
2022-07-11,16216.0,-0.00028360614005298526,35469.234375,0.009791257572805514,27380.55078125,-0.03127116881286455,12252.5,0.010493583430470316,18.3700008392334,-0.0016303684738484536,79.3313980102539,0.0013859176284753971,104.08999633789062,-0.0066800703456525445,3854.429931640625,-0.011527461422777274
2022-07-12,16058.2998046875,-0.009772571447684876,35131.83984375,-0.009557846065759627,27063.75,-0.011637741774343345,12107.349609375,-0.011917323861596505,18.549999237060547,0.009798496984426919,79.47779846191406,0.0018454288633769078,95.83999633789062,-0.07925833692240081,3818.800048828125,-0.009243878717321574
2022-07-13,15966.650390625,-0.0057236413300785416,34827.39453125,-0.008703561068916338,26949.75,-0.0042211731983238,12099.349609375,-0.0006609740732484028,18.520000457763672,-0.0016171849342689892,79.47640228271484,-1.7566908321997587e-05,96.30000305175781,0.004799736346456029,3801.780029296875,-0.0044569025122100925
2022-07-14,15938.650390625,-0.0017551946856914542,34650.796875,-0.005083553068554277,26523.30078125,-0.015950399453412995,12115.2998046875,0.0013174006649125357,18.34000015258789,-0.009719238700144017,79.80750274658203,0.004166022295390093,95.77999877929688,-0.005399836510715961,3790.3798828125,-0.00299863390215227
2022-07-15,16049.2001953125,0.006912014580365188,34682.24609375,0.0009071928639007382,26484.75,-0.0014545257740465724,12361.650390625,0.020129869333603872,17.600000381469727,-0.04034895119745929,79.87830352783203,0.0008871444264435535,97.58999633789062,0.018897448127604077,3863.159912109375,0.01920124935943668
2022-07-18,16278.5,0.014186202470718856,35358.2890625,0.019304934286410207,27322.94921875,0.03115788413556697,12408.7001953125,0.0037988853736762905,17.15999984741211,-0.025000029802321744,79.72049713134766,-0.0019755852279635944,102.5999984741211,0.05133725099121933,3830.85009765625,-0.008363571580831342
2022-07-19,16340.5498046875,0.003804517906147779,35719.9375,0.010176155929447754,27346.150390625,0.0008487856369939219,12538.900390625,0.010437987973104036,17.200000762939453,0.0023310557041396063,80.0302963256836,0.003886067015180794,104.22000122070312,0.01578950068883911,3936.68994140625,0.02762829164595959
2022-07-20,16520.849609375,0.010973459265845803,35971.68359375,0.007023055823103728,28146.349609375,0.028841904358998322,12511.2998046875,-0.0022036228765624673,16.81999969482422,-0.022093084375555128,79.85590362548828,-0.002179083524639469,102.26000213623047,-0.018806362133138244,3959.89990234375,0.005895806193263242
2022-07-21,16605.25,0.005095714512164849,36200.578125,0.006343026898242392,28342.900390625,0.006958901894969688,12581.349609375,0.005583307326798159,16.860000610351562,0.0023781757582108654,80.00340270996094,0.0018470654989317659,96.3499984741211,-0.05779389339573926,3998.949951171875,0.00986137270919718
2022-07-22,16719.44921875,0.006853755230166662,36738.5234375,0.014750800463942008,28168.150390625,-0.006184650775308935,12634.2001953125,0.004191910447181694,16.649999618530273,-0.012455574390214053,79.7759017944336,-0.002843640493043864,94.69999694824219,-0.017125080975710527,3961.6298828125,-0.00933246697634671
2022-07-25,16631.0,-0.005304241963650273,36725.97265625,-0.00034168290914534933,28216.0,0.0016972720358586037,12423.7001953125,-0.016801483646248346,17.68000030517578,0.061861904519156186,79.87680053710938,0.0012647772122436063,96.69999694824219,0.02111932486220769,3966.840087890625,0.0013151670479691902
2022-07-26,16483.849609375,-0.008887333683346772,36408.078125,-0.00869353003122671,27418.849609375,-0.028658474115325395,12276.5,-0.011919088655696625,18.170000076293945,0.02771491870250231,79.72250366210938,-0.001931685720540588,94.9800033569336,-0.017786904297724115,3921.050048828125,-0.01154320266205866
2022-07-27,16641.80078125,0.00953655956008488,36783.32421875,0.01025391971184712,27878.80078125,0.0166358525637798,12326.349609375,0.004052349901229608,18.1299991607666,-0.0022014813076161044,79.84120178222656,0.0014888910240484776,97.26000213623047,0.024005039994878352,4023.610107421875,0.026156273782937722
2022-07-28,16929.599609375,0.017145896529526243,37377.71484375,0.016030070789221997,28663.05078125,0.027742292709646257,12383.7001953125,0.0046418918107645896,17.010000228881836,-0.06177600572141495,79.84739685058594,7.759237362514604e-05,96.41999816894531,-0.008636684647699067,4072.429931640625,0.012133338697180918
2022-07-29,17158.25,0.013415561413115864,37490.9609375,0.003025195221778934,29152.30078125,0.01692497462079264,12543.2001953125,0.01279759411580504,16.549999237060547,-0.027042973876051923,79.57150268554688,-0.00345526812295871,98.62000274658203,0.022816890887945362,4130.2900390625,0.014207760082581844
2022-08-01,17340.05078125,0.010539792401854702,37902.7578125,0.010924012687932463,29220.0,0.002319567609909409,12953.650390625,0.03219893023452903,17.489999771118164,0.05679761796923022,79.1948013305664,-0.004734123929632572,93.88999938964844,-0.047961906562586476,4118.6298828125,-0.0028230841271976725
2022-08-02,17345.44921875,0.0003112792114048116,38023.55859375,0.0031820556797225474,29024.650390625,-0.00670792392311366,13023.650390625,0.005389333558405894,18.530000686645508,0.059462603152501625,78.95570373535156,-0.0030191072039795763,94.41999816894531,0.005644890645886136,4091.18994140625,-0.006662395550704803
2022-08-03,17388.150390625,0.002458783072766921,37988.80859375,-0.0009143249633357339,29416.94921875,0.013425529869699053,12919.400390625,-0.008036877545067682,18.450000762939453,-0.004317318982276719,78.60449981689453,-0.004448113332435333,90.66000366210938,-0.03982201418928433,4155.169921875,0.015638477163140152
2022-08-04,17382.0,-0.00035377417814128954,37755.11328125,-0.006170687977511788,29782.900390625,0.01236340415374818,12945.7001953125,0.002033613877809994,19.260000228881836,0.04390240826273728,79.11830139160156,0.006536541494493342,88.54000091552734,-0.02338410170909877,4151.93994140625,-0.0007773401640558397
2022-08-05,17397.5,0.0008913297215996853,37920.16015625,0.004361983226407309,29973.55078125,0.006380935740591139,12804.349609375,-0.010978775326413304,18.920000076293945,-0.01765317489861884,79.15489959716797,0.00046257572423424875,89.01000213623047,0.005308348947856256,4145.18994140625,-0.0016257460597355333
2022-08-08,17525.099609375,0.007307599012140524,38236.953125,0.008319506407548223,29967.69921875,-0.00019524325964472133,12927.9501953125,0.009606722870219969,19.299999237060547,0.020084522158259732,79.41059875488281,0.003230364248026918,90.76000213623047,0.019660711807664155,4140.06005859375,-0.0012375507238541195
2022-08-10,17534.75,0.0005505095416120064,38287.40625,0.00131861626082225,29701.150390625,-0.008934330154232208,12951.650390625,0.001831574012072839,19.59000015258789,0.015025954766385352,79.57839965820312,0.0021130794371448935,91.93000030517578,0.012891120993905991,4210.240234375,0.016951487366849483
2022-08-11,17659.0,0.007060942140366637,38879.3984375,0.015343483609946444,30233.69921875,0.01777139168362363,12923.5498046875,-0.002172010015206033,18.360000610351562,-0.06278711243776292,79.0978012084961,-0.006039307799242555,94.33999633789062,0.026215555582665973,4207.27001953125,-0.0007054739583503
2022-08-12,17698.150390625,0.0022145679837284517,39041.84765625,0.004169580499475686,29885.900390625,-0.01157036009739373,12923.75,1.5490617125709746e-05,17.610000610351562,-0.04084967184462629,79.61399841308594,0.006526062630100027,92.08999633789062,-0.02384990552619215,4280.14990234375,0.017322368774566943
2022-08-16,17825.25,0.007155855032733008,39239.19140625,0.00504194043467504,29909.0,0.0007726281128729467,13250.0,0.02493084851346537,17.68000030517578,0.003974996729021685,79.55290222167969,-0.0007674051375895496,86.52999877929688,-0.060375695294778486,4305.2001953125,0.005852667205658468
2022-08-17,17944.25,0.006653737907021656,39461.2421875,0.0056429516417755045,30256.900390625,0.011564832101317032,13194.25,-0.004216423804393584,17.68000030517578,0.0,79.14600372314453,-0.005114816520474741,88.11000061035156,0.0182595845758029,4274.0400390625,-0.007237794954094601
2022-08-18,17956.5,0.0006824370229270742,39655.6875,0.004915400654953456,30018.900390625,-0.00789707424192093,13131.900390625,-0.004736714257512313,17.350000381469727,-0.018665153733591677,79.35970306396484,0.0027000648266188865,90.5,0.027125177313500615,4283.740234375,0.002269561170191503
2022-08-19,17758.44921875,-0.011090751389954998,38985.49609375,-0.017044698489410655,30036.099609375,0.0005727822569386365,12946.4501953125,-0.014222779993574027,18.290000915527344,0.05417870394179136,79.7667007446289,0.005128518189338793,90.7699966430664,0.0029833883211758394,4228.47998046875,-0.012900001139847905
2022-08-22,17490.69921875,-0.015192148554208883,38297.3046875,-0.017810161911749174,29478.900390625,-0.01872521212189921,12695.75,-0.01955434258785425,19.040000915527344,0.04100601216281441,79.91790008544922,0.001895519551502689,90.2300033569336,-0.005949028380558663,4137.990234375,-0.0214000649197158
2022-08-23,17577.5,0.004950408657946044,38697.19921875,0.010387705792519158,28957.849609375,-0.017833455502499505,12925.75,0.017954154001393607,19.049999237060547,0.0005251219040147692,79.88379669189453,-0.0004267303510004927,93.73999786376953,0.03890052506094932,4128.72998046875,-0.0022378626777133093
2022-08-24,17604.94921875,0.001560393032835227,39038.046875,0.008769505668552526,28859.849609375,-0.003389968648860166,12913.349609375,-0.0009598160744336283,18.43000030517578,-0.0325458769929291,79.85449981689453,-0.0003667436478137498,94.88999938964844,0.012267991808045275,4140.77001953125,0.0029161604463010526
2022-08-25,17522.44921875,-0.004697196795508722,38950.296875,-0.002250337237880557,28608.650390625,-0.00874220898747953,12877.900390625,-0.0027489354779700204,19.56999969482422,0.061855635961562516,79.79679870605469,-0.0007225780760277134,92.5199966430664,-0.02497631743941786,4199.1201171875,0.014091605518061545
2022-08-26,17558.900390625,0.002078094793881999,38986.6953125,0.000934047853905864,28691.599609375,0.002895250079826667,12929.150390625,0.003971788005318406,18.219999313354492,-0.068983158023593,79.88289642333984,0.0010789620471156613,93.05999755859375,0.005836585982710529,4057.659912109375,-0.03368805871951874
2022-08-29,17312.900390625,-0.014109055185943692,38276.25390625,-0.01839074063501427,27678.94921875,-0.03593221510558497,12886.400390625,-0.0033119602552422146,19.81999969482422,0.08781561151305817,79.95909881591797,0.0009539262594371323,97.01000213623047,0.042445784238815065,4030.610107421875,-0.006666355799502699
2022-08-30,17759.30078125,0.025457455427431688,39536.2890625,0.03238925913614837,28407.900390625,0.0259951209714521,13217.349609375,0.02535780893026805,18.700000762939453,-0.056508524174056385,79.96790313720703,0.00011011031163987717,91.63999938964844,-0.05535514512246864,3986.159912109375,-0.011028155571448206
2022-09-01,17542.80078125,-0.012265712506503565,39300.79296875,-0.005974264600430726,27846.80078125,-0.019949202679800944,13266.150390625,0.003685376667309416,19.8700008392334,0.06256684644701771,79.54879760742188,-0.005240921836678236,86.61000061035156,-0.05488868193799945,3966.85009765625,-0.004844214702592442
2022-09-02,17539.44921875,-0.00019106884593758132,39420.54296875,0.003042379577068134,27745.80078125,-0.0036335810264582235,13220.650390625,-0.003435676896740412,19.549999237060547,-0.0161047603752994,79.716796875,0.0021119020353672635,86.87000274658203,0.0030019874656297407,3924.260009765625,-0.010736500458081055
2022-09-05,17665.80078125,0.00717802628935595,39805.2890625,0.009712718908143736,27836.599609375,0.0032671819948774956,13246.099609375,0.0019231093045681813,19.65999984741211,0.005626629905081337,79.72450256347656,9.666329780722016e-05,86.87000274658203,0.0,3924.260009765625,0.0
2022-09-06,17655.599609375,-0.000577619915734608,39666.0390625,-0.0035044121142811737,27742.80078125,-0.003375312310598129,13225.2998046875,-0.0015714929643676776,19.520000457763672,-0.007121026995677515,79.78299713134766,0.0007337087845047385,86.87999725341797,0.00011505130102373862,3908.18994140625,-0.004095056983834944
2022-09-07,17624.400390625,-0.0017686636555011566,39455.44140625,-0.005323412866927494,27832.400390625,0.0032244484992142402,13072.650390625,-0.011609355664290466,19.3700008392334,-0.007684406506794583,79.89510345458984,0.0014051405346131585,81.94000244140625,-0.056859978915542286,3979.8701171875,0.018341016392734
2022-09-08,17798.75,0.009843902383512463,40208.48046875,0.01890596081322748,28102.400390625,0.009654172118036292,13151.400390625,0.006005955172674339,18.309999465942383,-0.05472386821708408,79.6498031616211,-0.0030702794334345196,83.54000091552734,0.019526463588589893,4006.179931640625,0.006610721877456038
2022-09-09,17833.349609375,0.0019420477956010656,40415.23046875,0.0051287754135227875,28724.05078125,0.021879782304390707,13219.599609375,0.005172300693388222,17.719999313354492,-0.032222838328604175,79.706298828125,0.0007093007673761864,86.79000091552734,0.03890351884585552,4067.360107421875,0.015271449816332883
2022-09-12,17936.349609375,0.005759080279283832,40573.52734375,0.0039091123473311016,29131.19921875,0.014074959799581985,13256.099609375,0.002757247151240532,17.940000534057617,0.012415419256665672,79.65579986572266,-0.000633563007501281,87.77999877929688,0.011406819372350219,4110.41015625,0.0105842727693497
2022-09-13,18070.05078125,0.007426556664034913,40872.625,0.007344705482157109,29116.849609375,-0.0004927069645760951,13264.150390625,0.0006071422024534166,17.469999313354492,-0.02619850650566402,79.35530090332031,-0.0037724680802766475,87.30999755859375,-0.005354308808830588,3932.68994140625,-0.0432366134006168
2022-09-14,18003.75,-0.003675845320864187,41404.91796875,0.012939141738034865,28137.650390625,-0.034208479919359755,13222.25,-0.003163919971027444,18.280000686645508,0.04636527791227962,79.60240173339844,0.0031138541126467523,88.4800033569336,0.013400593643982717,3946.010009765625,0.0033870120853238816
2022-09-15,17877.400390625,-0.0070427023794097186,41208.71875,-0.004749811179088504,27734.349609375,-0.014436848008834267,13315.5,0.0070277535809073945,18.389999389648438,0.006017434292729051,79.45369720458984,-0.0018680909818101776,85.0999984741211,-0.03820077706346103,3901.35009765625,-0.011317739184353415
2022-09-16,17530.849609375,-0.019575203370476822,40776.328125,-0.010548134094414916,26706.44921875,-0.037766623043856,12954.4501953125,-0.027489396655346266,19.81999969482422,0.07775967116022398,79.8490982055664,0.004976495932699221,85.11000061035156,0.00011753391785918055,3873.330078125,-0.007182134089448455
2022-09-19,17622.25,0.005200144374609497,40903.921875,0.003124227797655723,26810.150390625,0.0038754817169122688,13074.0,0.009186151651537364,19.940000534057617,0.006054532849702143,79.68949890136719,-0.001998761511223801,85.7300033569336,0.007284722619384176,3899.889892578125,0.006857100716286535
2022-09-20,17816.25,0.010948654031257964,41467.8203125,0.013691764475000152,27020.599609375,0.007818961872922806,13291.349609375,0.01648789312172836,18.799999237060547,-0.057171578057379824,79.7074966430664,0.00022584834824335154,84.44999694824219,-0.014930670227109921,3855.929931640625,-0.011272103097361819
2022-09-21,17718.349609375,-0.005510158516157929,41202.96875,-0.006407401492636264,26843.25,-0.006585130901051874,13223.4501953125,-0.0051216349348947076,19.329999923706055,0.02819152702946459,79.76270294189453,0.0006926111238361177,82.94000244140625,-0.017880338204883328,3789.929931640625,-0.017116493600784488
2022-09-22,17629.80078125,-0.005010107310831895,40630.12890625,-0.01400042811729088,26782.650390625,-0.0022600883054196756,13320.75,0.007331186456037278,18.81999969482422,-0.026383871230975964,80.05069732666016,0.0036106397369133347,83.48999786376953,0.006631244347404364,3757.989990234375,-0.00842758097968943
2022-09-23,17327.349609375,-0.01730454089090743,39545.7890625,-0.02705066537478093,26592.349609375,-0.007130738645739746,13093.5,-0.01720704597203169,20.59000015258789,0.09404891001408733,81.06220245361328,0.012635806566750007,78.73999786376953,-0.0568930425384675,3693.22998046875,-0.017232619015461026
2022-09-26,17016.30078125,-0.018114401349380974,38615.80078125,-0.023797677930456014,26743.650390625,0.005673510840634959,12594.349609375,-0.0388676541852889,21.889999389648438,0.06313740784004573,81.25479888916016,0.0023759092365778223,76.70999908447266,-0.025781036758586673,3655.0400390625,-0.010340526208282075
2022-09-27,17007.400390625,-0.0005231876910193474,38358.703125,-0.0066800979351983175,27004.150390625,0.009693495771327689,12529.7998046875,-0.005138478175278533,21.56999969482422,-0.014618533748134488,81.61579895019531,0.004442815267164724,78.5,0.023334649157747966,3647.2900390625,-0.0021203598092424114
2022-09-28,16858.599609375,-0.008787677246935572,37759.4140625,-0.015746617696308026,27067.650390625,0.002348729958099318,12537.349609375,0.0006023664510931511,22.100000381469727,0.024571195834216075,81.72460174560547,0.0013331094813706645,82.1500015258789,0.046496834724572,3719.0400390625,0.019672139926234733
2022-09-29,16818.099609375,-0.0024052250050792126,37647.3125,-0.0029732531882483352,26819.05078125,-0.009226817291069826,12497.349609375,-0.003195567375450818,21.299999237060547,-0.036199146181009056,81.42870330810547,-0.0036206776317011524,81.2300033569336,-0.01119900367446125,3640.469970703125,-0.021126437880238824
2022-09-30,17094.349609375,0.016292312526781774,38631.5,0.02580643529320738,26981.150390625,0.006026003485747575,12699.2998046875,0.016030267879013786,19.969999313354492,-0.06244131320868529,81.48059844970703,0.000637307724343783,79.48999786376953,-0.021420724132169333,3585.6201171875,-0.015066695771983274
2022-10-03,16887.349609375,-0.012183178897324074,38029.20703125,-0.015713535263736502,26729.099609375,-0.009385643578887675,12441.0498046875,-0.020545385260688345,21.3700008392334,0.07010523655565115,81.52130126953125,0.0004995400205527467,83.62999725341797,0.052082016617280624,3678.429931640625,0.025883894952576147
2022-10-04,17274.30078125,0.022655095268550494,39109.59765625,0.028013430638574355,27496.94921875,0.02832221608241873,12690.5498046875,0.019856133415480624,19.56999969482422,-0.08423027953768436,81.49500274658203,-0.0003225969475422197,86.5199966430664,0.034556970997991154,3790.929931640625,0.030583700679551518
2022-10-06,17331.80078125,0.0033231164632058175,39282.39453125,0.004408540975688077,27928.75,0.015581563193053155,12784.5498046875,0.007379788739149433,19.31999969482422,-0.012774655283521508,81.6488037109375,0.0018872441152462116,88.44999694824219,0.02230698543757348,3744.52001953125,-0.012242355555564188
2022-10-07,17314.650390625,-0.0009900230150986376,39177.59375,-0.002671446832271723,27733.599609375,-0.007011963799018711,12761.9501953125,-0.0017692924878537047,18.809999465942383,-0.026397527791807596,82.3489990234375,0.008575695915630455,92.63999938964844,0.04737142550562323,3639.659912109375,-0.028003617786773516
2022-10-10,17241.0,-0.004262718329192525,39092.6484375,-0.002170565555351996,28027.599609375,0.010545064613911418,12693.599609375,-0.005370204197193265,19.6200008392334,0.04306227518813133,82.8322982788086,0.005868914754307397,91.12999725341797,-0.016299677743728425,3612.389892578125,-0.00749246363390188
2022-10-11,16983.55078125,-0.015044993668578569,38712.0,-0.009784800321141573,27469.5,-0.020113426759475767,12488.349609375,-0.016301720217298997,20.489999771118164,0.044342451308414965,82.42070007324219,-0.004969054512781845,89.3499984741211,-0.019532523131181256,3588.840087890625,-0.006519175777754405
2022-10-12,17123.599609375,0.008212331644389038,39118.09765625,0.010435586074231949,27694.650390625,0.008162969582717443,12598.2998046875,0.008765690269758795,20.18000030517578,-0.015129305485856781,82.2739028930664,-0.0017810717458761616,87.2699966430664,-0.0232792598385676,3577.030029296875,-0.0032907731480149582
2022-10-13,17014.349609375,-0.0064005234917517235,38623.55078125,-0.012723001277778413,27506.19921875,-0.006827862445457908,12562.75,-0.0028257825980254727,20.290000915527344,0.005450971689200168,82.19999694824219,-0.0008982914657673646,89.11000061035156,0.021084038479006306,3669.909912109375,0.02596564246086497
2022-10-14,17185.69921875,0.010020514532698735,39305.14453125,0.01749320012360347,27954.05078125,0.016150713257315544,12478.25,-0.0067489573688420046,18.260000228881836,-0.10004931468938516,82.19210052490234,-9.606354784674753e-05,85.61000061035156,-0.0392772974528901,3583.070068359375,-0.02366266361565439
2022-10-17,17311.80078125,0.007310797834822186,39919.984375,0.01552164562429645,28019.150390625,0.002326100253876788,12562.5498046875,0.0067330216137218455,18.420000076293945,0.008762313549100398,82.41280364990234,0.002685210909449065,85.45999908447266,-0.0017521495714224455,3677.949951171875,0.026480052302171098
2022-10-18,17486.94921875,0.010066448739082915,40318.28125,0.009927935090980215,28315.19921875,0.010510516428167294,12732.650390625,0.013449440898267882,17.450000762939453,-0.05266011451340091,82.1947021484375,-0.0026464516653427195,82.81999969482422,-0.03089163840311937,3719.97998046875,0.011427569666488724
2022-10-19,17512.25,0.0014457922593648584,40372.73046875,0.0013495735362455095,28060.349609375,-0.009041201396398519,12721.0498046875,-0.0009115049404740602,17.489999771118164,0.0022922066722004253,82.2863998413086,0.0011156156111558069,85.55000305175781,0.03296309305714962,3695.159912109375,-0.0066720972934503076
2022-10-20,17563.94921875,0.0029478254394111857,40099.0859375,-0.006801029185933356,28432.19921875,0.013164744290227343,12729.599609375,0.0006718732296396226,17.229999542236328,-0.014865650788125406,82.99700164794922,0.008635713896962827,85.9800033569336,0.005026303797039278,3665.780029296875,-0.007950909706564868
2022-10-21,17576.30078125,0.0007029866326317706,40783.578125,0.016925963973544327,28336.94921875,-0.0033556990725969326,12695.650390625,-0.0026705136764548156,17.280000686645508,0.0029019817607429665,82.82569885253906,-0.0020639636614437906,85.05000305175781,-0.010816472073338024,3752.75,0.02372481982226482
2022-10-24,17730.75,0.008748972260095097,41304.41796875,0.012689963404576737,28534.30078125,0.006940320624897971,12794.650390625,0.00776769945797174,17.420000076293945,0.008101816208643697,82.54129791259766,-0.0034337282254357504,84.58000183105469,-0.0055261752361972505,3797.340087890625,0.011881976654619875
2022-10-25,17656.349609375,-0.004204950452158822,41122.2734375,-0.0044195593592475,28722.849609375,0.006586059850419767,12952.7998046875,0.012284820578994651,16.8799991607666,-0.03099890431471386,82.7614974975586,0.002667750453767992,85.31999969482422,0.008749087819218238,3859.110107421875,0.016266654579669915
2022-10-27,17736.94921875,0.0045545202832827395,41298.8203125,0.004284028201509764,28572.19921875,-0.005258769854926995,12979.400390625,0.0020515494302054352,16.600000381469727,-0.01658760623327893,82.04959869384766,-0.008601811533581083,89.08000183105469,0.04406941103702988,3807.300048828125,-0.01342539009034971
2022-10-28,17786.80078125,0.0028066628790527496,40990.375,-0.007496652649825813,28318.349609375,-0.008924199162960385,13190.900390625,0.016163712183050908,15.920000076293945,-0.04096387286441594,82.44249725341797,0.004788549436254286,87.9000015258789,-0.013246523135616028,3901.06005859375,0.024626377895927698
2022-10-31,18012.19921875,0.012592609626880552,41307.41796875,0.007704812625632214,28727.599609375,0.01434832890890361,13381.650390625,0.014357167148862919,15.800000190734863,-0.0075376812175881325,82.23919677734375,-0.002465966981195389,86.52999877929688,-0.015585924036402687,3871.97998046875,-0.00745440410765752
2022-11-01,18145.400390625,0.007367843877008389,41289.0703125,-0.00044427207339156974,29270.650390625,0.018727001309262917,13416.900390625,0.002630740790244678,16.1299991607666,0.020886010509370223,82.72899627685547,0.005955791383004616,88.37000274658203,0.02126434754700801,3856.10009765625,-0.004101230608784645
2022-11-02,18082.849609375,-0.0034531529072475455,41146.171875,-0.0034669293578777093,29138.650390625,-0.004519835812188659,13318.25,-0.007379860364411615,16.65999984741211,0.03285807279734043,82.68450164794922,-0.0005378359572664193,90.0,0.0184451420477183,3759.68994140625,-0.02500198485734284
2022-11-03,18052.69921875,-0.001668738878993079,41297.87109375,0.0036800570299636917,28795.75,-0.011837678220221194,13262.650390625,-0.004183431685590974,15.9399995803833,-0.043217303338730195,82.88839721679688,0.002465946637929761,88.16999816894531,-0.020333353678385402,3719.889892578125,-0.010585992315429671
2022-11-04,18117.150390625,0.0035638102334325083,41257.96875,-0.0009666753298806282,28693.05078125,-0.003572846418871417,13271.7001953125,0.0006821199568526254,15.65999984741211,-0.017565855730371283,82.68180084228516,-0.0024924643430052074,92.61000061035156,0.05035729311118531,3770.550048828125,0.013618724670070526
2022-11-07,18202.80078125,0.0047164462855731094,41686.21484375,0.010326218923140264,28741.30078125,0.0016801795454526333,13443.900390625,0.012891537257868018,15.59000015258789,-0.004469967784564655,81.9749984741211,-0.00854846363968631,91.79000091552734,-0.008854332031313694,3806.800048828125,0.009613981920559844
2022-11-09,18157.0,-0.0025193100341803654,41782.71484375,0.0023122386582799916,28626.80078125,-0.003991770650257869,13341.400390625,-0.0076534888424328006,15.920000076293945,0.021167409908669832,81.40519714355469,-0.006950916025284082,85.83000183105469,-0.06493080972901977,3748.570068359375,-0.015296306536161652
2022-11-10,18028.19921875,-0.007119006002546902,41603.265625,-0.004304068735919315,28505.75,-0.0042375479734467585,13080.75,-0.019730327951518346,15.569999694824219,-0.021984948479422672,81.34380340576172,-0.0007541746712400599,86.47000122070312,0.0074565929860772595,3956.3701171875,0.05543448436034493
2022-11-11,18349.69921875,0.01767602773148285,42136.5625,0.012737166934584697,29591.94921875,0.037396517171223186,13040.900390625,-0.003051081359159091,14.40999984741211,-0.07450223957279312,80.48290252685547,-0.010583484455624403,88.95999908447266,0.028796089147890003,3992.929931640625,0.009240746788147902
2022-11-14,18329.150390625,-0.0011204729970374992,42076.26171875,-0.0014321047207582315,29849.30078125,0.008659076668406132,13071.400390625,0.0023360648397770653,14.90999984741211,0.03469812666859906,80.49700164794922,0.00017518156839635424,85.87000274658203,-0.03473467142188813,3957.25,-0.008935777048800997
2022-11-15,18403.400390625,0.00404274135870096,42372.20703125,0.007008925760447875,29865.30078125,0.0005358823458329397,13155.5498046875,0.006417040654535417,14.640000343322754,-0.01810861883651993,80.99199676513672,0.00614923670514278,86.91999816894531,0.012227732488398813,3991.72998046875,0.008713116550319144
2022-11-16,18409.650390625,0.000339553496785159,42534.8046875,0.0038300218491151544,29951.5,0.0028821092834245814,13105.9501953125,-0.0037773675038371905,15.100000381469727,0.03142076689614126,81.07140350341797,0.000980426973686166,85.58999633789062,-0.015301447987488226,3958.7900390625,-0.008252046497990273
2022-11-17,18343.900390625,-0.0035778894143715548,42457.55859375,-0.0018177189581954534,29681.400390625,-0.009058806621138565,12927.400390625,-0.01371722043860901,14.880000114440918,-0.014569553739798957,81.49530029296875,0.0052286844834616986,81.63999938964844,-0.04615021751664128,3946.56005859375,-0.0030893228355314273
2022-11-18,18307.650390625,-0.001978088841936149,42436.95703125,-0.000485344966108513,29669.25,-0.0004094442340488867,12774.900390625,-0.011866781179438115,14.390000343322754,-0.03293009189177509,81.52490234375,0.00036323629307255523,80.08000183105469,-0.019108250493097723,3965.340087890625,0.00475858190881473
2022-11-21,18159.94921875,-0.008100449774708418,42346.05859375,-0.002144261363153479,29209.55078125,-0.015615418580205188,12696.099609375,-0.006187509925719292,14.800000190734863,0.028491997055605234,81.5198974609375,-6.139084707390552e-05,79.7300033569336,-0.004370610216262061,3949.93994140625,-0.003883688698329779
2022-11-22,18244.19921875,0.004628601630860599,42456.55859375,0.0026060531196623296,29446.900390625,0.008092917320164449,12745.5,0.003883439207268518,13.84000015258789,-0.06486486660641766,81.72769927978516,0.0025490932314682357,80.94999694824219,0.015301562021099446,4003.580078125,0.013579987927526016
2022-11-23,18267.25,0.0012626606067816233,42728.60546875,0.006387210798324663,29405.650390625,-0.001401808628762479,12774.75,0.0022922982970905175,14.039999961853027,0.014450853111279693,81.71499633789062,-0.00015543006846485685,77.94000244140625,-0.03718338011501676,4027.260009765625,0.0059146891478476515
2022-11-24,18484.099609375,0.011801042862214367,43074.8984375,0.008071811363974089,30178.650390625,0.0259478876368432,12845.599609375,0.005530743417432909,13.479999542236328,-0.03988606988164045,81.63289642333984,-0.0010047104966057763,77.94000244140625,0.0,4027.260009765625,0.0
2022-11-25,18512.75,0.0015488019469054911,42983.44921875,-0.002125284894779547,30334.599609375,0.0051542286688081715,12958.0,0.00871204818367328,13.329999923706055,-0.011127568518106035,81.65540313720703,0.0002757064229408357,76.27999877929688,-0.021298481012460013,4026.1201171875,-0.0002830441976333642
2022-11-28,18562.75,0.0026972005940332764,43019.94921875,0.0008488037183308766,30309.650390625,-0.0008228057946984307,13036.400390625,0.00603211669994934,13.569999694824219,0.018004484057899228,81.6697006225586,0.0001750953984946957,77.23999786376953,0.012585200574664945,3963.93994140625,-0.015444192913123267
2022-11-29,18618.05078125,0.0029746977400658824,43052.94921875,0.0007667919221026045,30345.650390625,0.0011870357170263497,13007.650390625,-0.0022077987729073197,13.619999885559082,0.0036846125172673716,81.65029907226562,-0.00023756117807549604,78.19999694824219,0.012428781862032556,3957.6298828125,-0.0015918653377758885
2022-11-30,18758.349609375,0.007507383568474861,43230.49609375,0.004115438945376115,30391.69921875,0.001516326848118823,13231.849609375,0.017089096585925577,13.8100004196167,0.013950112749932408,81.63089752197266,-0.00023761762679885834,80.55000305175781,0.030051230117962957,4080.110107421875,0.030947872397389053
2022-12-01,18812.5,0.0028825767148602448,43260.14453125,0.0006855872137623277,31120.5,0.023697246907282313,13191.75,-0.00303513834232625,13.359999656677246,-0.03258513752832626,81.3052978515625,-0.003988681740544564,81.22000122070312,0.008317791974691735,4076.570068359375,-0.0008676332180498347
2022-12-02,18696.099609375,-0.006206617442539312,43103.25,-0.0036333612105613347,31052.099609375,-0.002200339656100176,13046.349609375,-0.011083262979137575,13.449999809265137,0.006736538540471404,81.16220092773438,-0.0017599950754669802,79.9800033569336,-0.015267149041281347,4071.699951171875,-0.001194660488065602
2022-12-05,18701.05078125,0.0002647887259970962,43332.4453125,0.005303268489738388,30891.5,-0.005185361207208068,13007.5498046875,-0.002978428123463138,13.729999542236328,0.02081782430794621,81.42250061035156,0.0032071540648455077,76.93000030517578,-0.03813457018932975,3998.840087890625,-0.017894212283564803
2022-12-06,18642.75,-0.0031223832280691255,43138.05078125,-0.0044962124081702245,30443.0,-0.014624982485043974,12973.7998046875,-0.0025980189244178427,14.039999961853027,0.022578327017642952,81.89900207519531,0.005852208680301452,74.25,-0.03483686851091139,3941.260009765625,-0.014399194981406072
2022-12-07,18560.5,-0.004421663914122268,43098.19921875,-0.0009242416115459893,30187.05078125,-0.008443032321126673,12870.650390625,-0.007982368438125519,14.079999923706055,0.0028490001397227793,82.37220001220703,0.005777822989555537,72.01000213623047,-0.03016832139756942,3933.919921875,-0.0018623708845491027
2022-12-08,18609.349609375,0.0026284549446723396,43596.34375,0.01149207312436163,30115.0,-0.002389663854003612,12908.150390625,0.0029093693511619834,13.399999618530273,-0.04829547648156485,82.25350189208984,-0.0014409973279770893,71.45999908447266,-0.007637870232489408,3963.510009765625,0.00752178195750397
2022-12-09,18496.599609375,-0.006077211303593385,43632.94140625,0.0008391140276306955,29168.44921875,-0.031935767596307736,12869.400390625,-0.00300649425675029,13.479999542236328,0.005970143730110733,82.2791976928711,0.0003123976510441828,71.0199966430664,-0.006157325035592631,3934.3798828125,-0.007349578247904498
2022-12-12,18497.150390625,2.977698935843848e-05,43708.2421875,0.0017242908055181713,29050.5,-0.00405192404561738,12874.349609375,0.000384498669461531,13.319999694824219,-0.01186942528527457,82.41300201416016,0.0016262229705803488,73.16999816894531,0.030273185405575553,3990.56005859375,0.014279296218109305
2022-12-13,18608.0,0.005974908495510217,43946.0390625,0.005425803622837524,29376.55078125,0.011161068770277574,12931.0,0.0043905998165784926,12.880000114440918,-0.033033002287100044,82.64469909667969,0.0028114141804920223,75.38999938964844,0.030340320845399837,4019.64990234375,0.0072896644387934195
2022-12-14,18660.30078125,0.002806718551028224,44048.58984375,0.0023308428924146006,29713.900390625,0.011418199314690479,13004.099609375,0.005637133001329704,12.890000343322754,0.0007764152789582202,82.40249633789062,-0.002930650863713913,77.27999877929688,0.025069629990048137,3995.320068359375,-0.006052724634100337
2022-12-15,18414.900390625,-0.01323817358829901,43497.6953125,-0.012585383872838056,29087.94921875,-0.02129099072522955,12912.900390625,-0.007037820363577769,13.729999542236328,0.06516673208226154,82.50800323486328,0.001280384717230243,76.11000061035156,-0.015139728098167993,3895.75,-0.024921675023714007
2022-12-16,18269.0,-0.007954506384605002,43218.99609375,-0.0064278323772524295,28702.19921875,-0.013350224552674053,12775.25,-0.010717136581553736,14.069999694824219,0.024763304000264608,82.85790252685547,0.004240792144686534,74.29000091552734,-0.02391275364904788,3852.360107421875,-0.011137750774080746
2022-12-19,18420.44921875,0.008255783729645224,43413.24609375,0.0044844810808273875,28556.44921875,-0.005090944993271146,12978.7998046875,0.015807536660735987,13.550000190734863,-0.03695803236446704,82.72599792480469,-0.0015919374981526735,75.19000244140625,0.012114706081404858,3817.659912109375,-0.009007516001852345
2022-12-20,18385.30078125,-0.0019099433205291773,43358.99609375,-0.0012504000288732775,28612.5,0.0019608826111326325,12879.400390625,-0.007688075960993682,13.779999732971191,0.016974135719466377,82.58190155029297,-0.0017418511486884114,76.08999633789062,0.011969595255509224,3821.6201171875,0.0010373383615349674
2022-12-21,18199.099609375,-0.01017935391694218,42617.453125,-0.017250336901878997,28764.25,0.0052896113436226655,12695.4501953125,-0.014385489130407193,15.5600004196167,0.12917276641062103,82.63690185546875,0.0006660091877672691,78.29000091552734,0.028913190741490125,3878.43994140625,0.014867993802734736
2022-12-22,18127.349609375,-0.0039502948868902,42408.30859375,-0.004919566701529435,28763.900390625,-1.2154375644933408e-05,12554.7001953125,-0.011148563920867946,15.1899995803833,-0.023778973602528564,82.87860107421875,0.0029248339824348157,77.48999786376953,-0.010218457560384864,3822.389892578125,-0.01445169956861636
2022-12-23,17806.80078125,-0.01784137526808462,41667.56640625,-0.01762125828948308,28237.05078125,-0.01848616916695483,12236.0,-0.025712686729722767,16.15999984741211,0.06385782052828293,82.8749008178711,-4.464670372927859e-05,79.55999755859375,0.026713121072262203,3844.820068359375,0.005868102525282026
2022-12-26,18014.599609375,0.01160206785899442,42629.65234375,0.022827033391079436,28385.69921875,0.005250496628698533,12236.0,0.0,16.15999984741211,0.0,82.6041030883789,-0.0032675481577625343,79.55999755859375,0.0,3844.820068359375,0.0
2022-12-27,18132.30078125,0.006512402811413872,42859.0,0.005365582453229976,28636.25,0.008787928057014184,12522.75,0.023164563826381986,15.289999961853027,-0.05383662708996906,82.90290069580078,0.003617224765483984,79.52999877929688,-0.0003770585748796851,3829.25,-0.004049622110409712
2022-12-28,18122.5,-0.0005406611691443354,42827.203125,-0.0007421702747905213,28583.44921875,-0.0018455460954082692,12605.4501953125,0.006582285500900395,15.399999618530273,0.007194222168193765,82.7761001586914,-0.001529506640239875,78.95999908447266,-0.007167103024935506,3783.219970703125,-0.012020638322615351
2022-12-29,18191.0,0.0037727060871833766,43251.84765625,0.00986646512055285,28687.19921875,0.003623151346330697,12634.599609375,0.002309775713404722,14.8100004196167,-0.03831163724209763,82.85199737548828,0.0009168977114333288,78.4000015258789,-0.007092167744260691,3849.280029296875,0.01746133164481911
2022-12-30,18105.30078125,-0.004722210041123311,42985.94921875,-0.0061666529006613275,28621.69921875,-0.0022858589261507667,12611.7001953125,-0.0018140813124784686,14.869999885559082,0.004051280502525234,82.83509826660156,-0.0002039674289339155,80.26000213623047,0.02372449711927116,3839.5,-0.0025407424823445934
2023-01-02,18197.44921875,0.005076675205536103,43203.1015625,0.005038988160676737,28737.30078125,0.00403081361318219,12667.75,0.004434423700032857,14.6899995803833,-0.012104929829258926,82.74980163574219,-0.001029716058099539,80.26000213623047,0.0,3839.5,0.0
2023-01-03,18232.55078125,0.001927069632871597,43425.25,0.005128781061849046,28962.30078125,0.007799053524773256,12614.75,-0.004192629497618684,14.390000343322754,-0.020422004467662402,82.70600128173828,-0.0005293106827821692,76.93000030517578,-0.04149017869950289,3824.139892578125,-0.004000548879248611
2023-01-04,18042.94921875,-0.010453517612292944,42958.80078125,-0.010799534127373847,28677.80078125,-0.009871679704320686,12512.0498046875,-0.008174599870578721,15.199999809265137,0.05628905118951155,82.78569793701172,0.0009636139341564487,72.83999633789062,-0.05316526648980113,3852.969970703125,0.007538970575044379
2023-01-05,17992.150390625,-0.0028194100932680756,42608.69921875,-0.008183095594790706,28527.75,-0.005246033761687489,12656.650390625,0.011490635260179006,14.979999542236328,-0.014473701959832108,82.66649627685547,-0.0014398822879641004,73.66999816894531,0.01139486371202536,3808.10009765625,-0.011645528874622113
2023-01-06,17859.44921875,-0.0074028372147649955,42188.80078125,-0.00990363795007708,27956.44921875,-0.020229383498636438,12627.7998046875,-0.00228208232613738,15.029999732971191,0.003337796546247329,82.64520263671875,-0.00025758488741800534,73.7699966430664,0.0013573839637102125,3895.080078125,0.02284078102943865
2023-01-09,18101.19921875,0.01344545509952314,42582.75,0.009294440200995608,28748.150390625,0.027925516671189823,12783.0,0.012215445903141735,14.649999618530273,-0.025282775861087625,82.27339935302734,-0.004498788457519165,74.62999725341797,0.011657864301019893,3892.090087890625,-0.0007676325452631305
2023-01-10,17914.150390625,-0.010387266093937284,42014.75,-0.013428494585122396,28502.69921875,-0.008574638714918594,12819.099609375,0.0028200525620860582,15.510000228881836,0.058703114863141614,82.18009948730469,-0.001134022253320488,75.12000274658203,0.0065657980865276855,3919.25,0.006978233159061986
2023-01-11,17895.69921875,-0.0010305082936186098,42232.69921875,0.00517403688755483,28596.349609375,0.003280281424021211,12753.0498046875,-0.005165772379735169,15.4399995803833,-0.0045132590242122905,81.63739776611328,-0.0066038094937478364,77.41000366210938,0.030484569113404802,3969.610107421875,0.012849424614881588
2023-01-12,17858.19921875,-0.0020976741216788596,42082.25,-0.0035687474124162337,28720.30078125,0.004325143366136639,12769.400390625,0.0012812710417073423,15.279999732971191,-0.01036268469951196,81.63179779052734,-6.859571396411468e-05,78.38999938964844,0.01265980727525462,3983.169921875,0.0034159058663651987
2023-01-13,17956.599609375,0.0054949708747303715,42371.25,0.00684402962767234,28933.75,0.007404516806229129,12832.400390625,0.00492153873872746,14.460000038146973,-0.053664902431563744,81.1156005859375,-0.006323482007764225,79.86000061035156,0.018752407604907262,3999.090087890625,0.003996858363534361
2023-01-16,17894.849609375,-0.0034447734977776498,42167.55078125,-0.0048190797855021264,29264.650390625,0.011371582524723301,12748.7998046875,-0.006536118940707116,15.020000457763672,0.038727553121670866,81.27799987792969,0.0020020722378815137,79.86000061035156,0.0,3999.090087890625,0.0
2023-01-17,18053.30078125,0.008815596703469526,42235.05078125,0.0015994771047573803,29498.0,0.0079421480964257,12821.849609375,0.005713582180142329,14.59000015258789,-0.02862851478499917,81.65260314941406,0.004608913507308188,80.18000030517578,0.004007008419465663,3990.969970703125,-0.0020304911890052235
2023-01-18,18165.349609375,0.00618737497867869,42458.0,0.00526488848112625,29617.80078125,0.004053093882504853,12817.599609375,-0.00033152038506482353,14.369999885559082,-0.015078839254829335,81.52549743652344,-0.0015566645518703126,79.4800033569336,-0.008730318602867326,3928.860107421875,-0.015562598500411085
2023-01-19,18107.849609375,-0.0031703874707042848,42328.8515625,-0.003046428426166788,29632.349609375,0.000491098446889644,12763.0,-0.0042688360024870494,13.960000038146973,-0.028531652795914964,81.43599700927734,-0.0010978212959176226,80.33000183105469,0.010694494693261003,3898.85009765625,-0.007638350296294338
2023-01-20,18027.650390625,-0.004438812272184146,42506.80078125,0.00419515792750505,29529.650390625,-0.0034718002064223594,12691.7001953125,-0.005602108106620098,13.789999961853027,-0.012177655861705161,81.23979949951172,-0.0024092234020696157,81.30999755859375,0.012199622870669558,3972.610107421875,0.018918401045981525
2023-01-23,18118.55078125,0.005029606393094338,42821.25,0.007370393190682036,30086.0,0.018665090715349417,12797.0498046875,0.00826640845732764,13.619999885559082,-0.012327779315751464,80.97599792480469,-0.003247196279806408,81.62000274658203,0.0038126330992063195,4019.81005859375,0.01188134498366522
2023-01-24,18118.30078125,-1.379810823647804e-05,42733.44921875,-0.0020525070598243584,30316.900390625,0.007645378412057484,12960.849609375,0.012718584703083576,13.65999984741211,0.0029368547862793637,81.48799896240234,0.006322874070327611,80.12999725341797,-0.018255396263466284,4016.949951171875,-0.0007115031258156934
2023-01-25,17891.94921875,-0.012571672991636754,41647.6484375,-0.025737060707118495,30043.900390625,-0.009045667319260523,12957.150390625,-0.00028545557335590285,14.65999984741211,0.07320644298465706,81.60189819335938,0.001397742396516355,80.1500015258789,0.0002496477367603944,4016.219970703125,-0.0001817250594663422
2023-01-27,17604.349609375,-0.016204838949638832,40345.30078125,-0.031769980432315596,29766.44921875,-0.009277764261954523,13089.7001953125,0.010177886841062725,17.31999969482422,0.18144610334915323,81.44509887695312,-0.0019215155514483717,79.68000030517578,-0.005864020109236923,4070.56005859375,0.01353015728396767
2023-01-30,17648.94921875,0.002530238851503625,40387.44921875,0.001044147296588813,30094.849609375,0.010972153684395523,13076.849609375,-0.0009822148557260561,17.709999084472656,0.022517286173219908,81.50800323486328,0.0007723528951102399,77.9000015258789,-0.022339342024089492,4017.77001953125,-0.012968740984683369
2023-01-31,17662.150390625,0.0007477066778470427,40655.05078125,0.0066040049374642635,29740.349609375,-0.011849351300888728,13323.900390625,0.018715982900882198,16.8799991607666,-0.04686617541577187,81.57990264892578,0.0008821147765738502,78.87000274658203,0.012451876786945704,4076.60009765625,0.014642470285510134
2023-02-01,17616.30078125,-0.0025992997802722563,40513.0,-0.0035001684753262117,30018.25,0.009300833545792824,13206.849609375,-0.008823839560880174,16.780000686645508,-0.005924080514975172,81.76840209960938,0.0023106113707291875,76.41000366210938,-0.031190554061179654,4119.2099609375,0.010452303944590291
2023-02-02,17610.400390625,-0.00033499535771969267,40669.30078125,0.0038506170155740214,30566.75,0.018107286836171216,13213.25,0.0004845092066145003,15.729999542236328,-0.06257455908478182,81.71029663085938,-0.0007106103000424913,75.87999725341797,-0.0069363484267731534,4179.759765625,0.014699373244309921
2023-02-03,17854.05078125,0.013740758205234283,41499.69921875,0.020212652192550938,30597.650390625,0.0010104045182016952,13377.9501953125,0.012387729796429266,14.399999618530273,-0.08455180943488882,82.0458984375,0.004107215620043236,73.38999938964844,-0.03281494404188812,4136.47998046875,-0.010354610691310495
2023-02-06,17764.599609375,-0.005022725956678951,41374.6484375,-0.0030178427871482417,30411.099609375,-0.006115560888153276,13360.150390625,-0.0013314189809206678,14.6899995803833,0.020138886773291897,82.22599792480469,0.0021951065285961135,74.11000061035156,0.009810617613994488,4111.080078125,-0.006140463017754394
2023-02-07,17721.5,-0.0024290993398515346,41490.94921875,0.0028069756545937956,30310.69921875,-0.003306900785465362,13226.0498046875,-0.010088069917903272,14.130000114440918,-0.038121135598274236,82.75499725341797,0.006433480188310359,77.13999938964844,0.04088515388399072,4164.0,0.01287251059802652
2023-02-08,17871.69921875,0.00843982073038998,41537.6484375,0.0011248949155502636,30774.05078125,0.01517106805215057,13257.349609375,0.002363731239436992,13.600000381469727,-0.03750882722424964,82.74189758300781,-0.00015829461476557505,78.47000122070312,0.017241403183536397,4117.85986328125,-0.011080724476164705
2023-02-09,17893.44921875,0.0012162679944837883,41554.30078125,0.0004008172664021137,30990.849609375,0.007020159252950759,13187.849609375,-0.0052561646015936705,13.039999961853027,-0.04117650028743458,82.65950012207031,-0.0009958372160226991,78.05999755859375,-0.005224973311217407,4081.5,-0.00882979617773516
2023-02-10,17856.5,-0.00206709283308457,41559.3984375,0.00012266705258719035,30870.19921875,-0.003900695054138482,13235.0498046875,0.003572677228051149,12.75,-0.02223926094335793,82.533203125,-0.0015279187133214744,79.72000122070312,0.021265740635763253,4090.4599609375,0.0021952617756952897
2023-02-13,17770.900390625,-0.0048052775756446476,41282.19921875,-0.006692296169184863,30289.650390625,-0.018985209067421654,13154.349609375,-0.006116126070835102,13.680000305175781,0.07294120040594354,82.51300048828125,-0.00024478192962107403,80.13999938964844,0.005268416489138783,4137.2900390625,0.011448609342766147
2023-02-14,17929.849609375,0.008904589905162998,41648.3515625,0.008830394096052312,30588.75,0.009826211400693213,13106.5498046875,-0.0036403823587502723,13.449999809265137,-0.016812901372789013,82.59739685058594,0.0010228250312709353,79.05999755859375,-0.013476439222361525,4136.1298828125,-0.0002804145319874607
2023-02-15,18015.849609375,0.004785004379327248,41731.05078125,0.0019836852638390827,30934.349609375,0.01123491003495676,13235.2001953125,0.009767871422001473,12.859999656677246,-0.043866182970609735,82.86759948730469,0.003271321458320653,78.58999633789062,-0.005944867634922413,4147.60009765625,0.002773175690496066
2023-02-16,18035.849609375,0.00110951785824931,41631.3515625,-0.002391948012101028,31434.849609375,0.016049933310192534,13206.0498046875,-0.002204918635462026,12.890000343322754,0.0023328683861925104,82.73770141601562,-0.0015675375187977902,78.48999786376953,-0.001272407160971989,4090.409912109375,-0.013788741489130674
2023-02-17,17944.19921875,-0.005094522761127012,41131.75,-0.012073197394344896,31054.849609375,-0.012162154364935526,13140.0,-0.005014030076931719,13.09000015258789,0.015515888591014715,82.69529724121094,-0.0005125133292194217,76.33999633789062,-0.02739204464765732,4079.090087890625,-0.002767405825327751
2023-02-20,17844.599609375,-0.005565979846782634,40701.69921875,-0.010510487932183336,31222.349609375,0.005379188723796175,13177.400390625,0.002842257612674566,13.380000114440918,0.022154313099506995,82.75800323486328,0.0007582776257450963,76.33999633789062,0.0,4079.090087890625,0.0
2023-02-21,17826.69921875,-0.0010036299610954843,40673.6015625,-0.0006905696715553978,30947.25,-0.008850029810519494,13148.75,-0.002176573597792116,14.010000228881836,0.04708520994412879,82.69750213623047,-0.0007310603961905304,76.16000366210938,-0.002357776845895776,3997.340087890625,-0.020041234255327334
2023-02-22,17554.30078125,-0.015398310946496917,39995.8984375,-0.016802361957983385,30608.19921875,-0.011016220802495721,12989.9501953125,-0.01215070047528802,15.59000015258789,0.11277658086320796,82.86119842529297,0.0019794586877948106,73.94999694824219,-0.029017943902314935,3991.050048828125,-0.0015735561458868341
2023-02-23,17511.25,-0.0024554471223785586,40001.55078125,0.0001413130997201531,30598.400390625,-0.0003201886159745135,12982.25,-0.0005929567368346256,15.079999923706055,-0.03271329210328311,82.83529663085938,-0.00031259256353799447,75.38999938964844,0.01947265045073787,4012.320068359375,0.005329429416074394
2023-02-24,17465.80078125,-0.002598803690668268,39909.3984375,-0.0023063769233209095,30514.900390625,-0.002732631060418264,12869.099609375,-0.008753981120056195,14.1899995803833,-0.0590185907046098,82.6178970336914,-0.002624480215683511,76.31999969482422,0.01233585770931156,3970.0400390625,-0.010537551485558128
2023-02-27,17392.69921875,-0.004194194796816341,40307.1015625,0.009915824889584705,29919.19921875,-0.019714713046463543,12675.2998046875,-0.015173856311871257,13.880000114440918,-0.021846333693408715,82.91799926757812,0.0036324119187436388,75.68000030517578,-0.008385736271063426,3982.239990234375,0.0030730045671669703
2023-02-28,17303.94921875,-0.005115779048087727,40269.05078125,-0.0009444676364334722,29663.94921875,-0.008567911168326644,12731.7998046875,0.004447583077498686,14.020000457763672,0.010086479983317576,82.6520004272461,-0.0032079746578742574,77.05000305175781,0.01810257321693398,3970.14990234375,-0.0030360018281855305
2023-03-01,17450.900390625,0.008456491641293511,40698.1484375,0.010599395254098525,30097.75,0.014517940629708462,12849.2998046875,0.009186534444217128,13.0,-0.07275323997574046,82.6353988647461,-0.00020086098841143318,77.69000244140625,0.008306286363396032,3951.389892578125,-0.004725264845680033
2023-03-02,17321.900390625,-0.007419626196212839,40389.80078125,-0.007605301292503008,29717.44921875,-0.012716029058629202,12738.7998046875,-0.00863688109615376,12.970000267028809,-0.0023076717670147406,82.4198989868164,-0.002607839750158547,78.16000366210938,0.006049700166473881,3981.35009765625,0.0075821940867943916
2023-03-03,17594.349609375,0.015606186138582535,41251.3515625,0.0211065802103458,29817.05078125,0.0033460146781008455,12787.0498046875,0.0037804859156039742,12.180000305175781,-0.06090978763210175,82.35569763183594,-0.0007789545458037894,79.68000030517578,0.019447243754458388,4045.639892578125,0.0161477371607488
2023-03-06,17711.44921875,0.006633473404126094,41350.3984375,0.0023981797593974796,30179.75,0.012090765924094879,12909.5,0.009530549673150947,12.270000457763672,0.007389174904178342,81.7125015258789,-0.007809977019833991,80.45999908447266,0.009789141268944146,4048.419921875,0.0006871667698291617
2023-03-08,17754.400390625,0.0024221155475668,41577.1015625,0.005467515353767443,30065.75,-0.0037845195430216403,13019.5,0.008484759143659305,12.449999809265137,0.014669873250703347,82.07460021972656,0.004431374478640615,76.66000366210938,-0.04722838013425501,3992.010009765625,-0.01393380953506651
2023-03-09,17589.599609375,-0.009325598438082557,41256.75,-0.0077348367512473344,29742.349609375,-0.010814707196854406,12781.2001953125,-0.0184728770490561,12.729999542236328,0.022489938735807735,81.9645004272461,-0.001341459991102134,75.72000122070312,-0.012261967081940828,3918.320068359375,-0.01845935787384867
2023-03-10,17412.900390625,-0.010096462811863625,40485.44921875,-0.018872104750247132,29545.5,-0.0066404949422513414,12741.599609375,-0.0031031562382354354,13.40999984741211,0.053417150795617596,82.01840209960938,0.0006576221666980686,76.68000030517578,0.012678276135713817,3861.590087890625,-0.01447813845705137
2023-03-13,17154.30078125,-0.014962416687813755,39564.69921875,-0.023005344180082023,29267.0,-0.00947084656198076,12456.0,-0.022669765766283975,16.219999313354492,0.2095450781444015,81.95800018310547,-0.0007364434682664012,74.80000305175781,-0.02451743930537087,3855.760009765625,-0.001509761003189447
2023-03-14,17043.30078125,-0.006491706128142258,39411.3984375,-0.003882211918281571,28784.69921875,-0.016616632592275065,12345.5498046875,-0.00890677609707853,16.219999313354492,0.0,82.41739654541016,0.005605265639453627,71.33000183105469,-0.046390388758434375,3919.2900390625,0.016476655480623936
2023-03-15,16972.150390625,-0.004183422059139645,39051.5,-0.009173787068851075,28716.5,-0.002372098379007747,12282.0,-0.005160882527411203,16.299999237060547,0.00493217799585155,82.30490112304688,-0.0013649475363044505,67.61000061035156,-0.052151985492920105,3891.929931640625,-0.00698088356543769
2023-03-16,16985.599609375,0.0007921148752918237,39132.6015625,0.002074631286112104,28517.25,-0.006962703123826234,12304.900390625,0.001862812870539595,16.219999313354492,-0.004907971009235568,82.7156982421875,0.0049911622945331136,68.3499984741211,0.01094509476540706,3960.280029296875,0.017562006217166637
2023-03-17,17100.05078125,0.0067155298897271865,39598.1015625,0.011825257644343444,28854.44921875,0.01175503274974279,12245.9501953125,-0.004802302747035747,14.770000457763672,-0.08939574087385971,82.622802734375,-0.0011230698620291468,66.73999786376953,-0.02355523988725683,3916.639892578125,-0.011019457310067593
2023-03-20,16988.400390625,-0.006550651968001941,39361.94921875,-0.0059815829784177765,28442.94921875,-0.014363900851020645,12131.7001953125,-0.009373408402854428,16.010000228881836,0.0839539426328435,82.53299713134766,-0.0010869348418990343,67.63999938964844,0.013485189611722737,3951.570068359375,0.008918403718310097
2023-03-21,17107.5,0.006986182644570191,39894.69921875,0.013443869617920134,28164.849609375,-0.009825566529017457,12141.9501953125,0.0008445372199302743,15.079999923706055,-0.058088712797022435,82.52909851074219,-4.7237114135900704e-05,69.33000183105469,0.024985252168185035,4002.8701171875,0.012982193897784988
2023-03-22,17151.900390625,0.002592013577443892,39999.05078125,0.002612259953760924,28217.599609375,0.001871150193779253,12201.349609375,0.004880154492333561,14.8100004196167,-0.01790447648908211,82.677001953125,0.0017921368953710548,70.9000015258789,0.022645314486649415,3936.969970703125,-0.01646322377571363
2023-03-23,17076.900390625,-0.0043822814890137705,39616.8984375,-0.009599967906075497,27999.25,-0.007768158795941574,12205.7001953125,0.00035650240552559886,14.489999771118164,-0.02160706545792368,82.52580261230469,-0.00182879564145344,69.95999908447266,-0.013258144163271202,3948.719970703125,0.0029845287333754023
2023-03-24,16945.05078125,-0.007750894050448838,39395.3515625,-0.005607926761122729,27935.650390625,-0.0022740591773224377,12113.400390625,-0.007590761636204933,15.239999771118164,0.051759835186120595,82.26529693603516,-0.0031566572880648014,69.26000213623047,-0.010005674062359304,3970.989990234375,0.005639807253104534
2023-03-27,16985.69921875,0.002395965721106003,39431.30078125,0.0009121082825016095,27948.75,0.00046881095702420506,12035.099609375,-0.00648496226761043,15.449999809265137,0.013779530269085072,82.33879852294922,0.0008934701466063455,72.80999755859375,0.051256068623570794,3977.530029296875,0.0016469543057482383
2023-03-28,16951.69921875,-0.0020036899079230227,39567.8984375,0.0034582070130840335,27702.80078125,-0.008838956563517835,11917.9501953125,-0.009781664472536852,15.100000381469727,-0.022653684926618567,82.21489715576172,-0.0015047750199193022,73.19999694824219,0.005356398883746616,3971.27001953125,-0.0015738434957162095
2023-03-29,17080.69921875,0.0075810476927372725,39910.1484375,0.008612494367662786,28011.30078125,0.01107450876290064,12121.2998046875,0.016918536132761893,13.630000114440918,-0.09735100860214208,82.16429901123047,-0.00061543766740213,72.97000122070312,-0.003142018266772406,4027.81005859375,0.014237268879836451
2023-03-31,17359.75,0.016205182818433635,40608.6484375,0.017350421265369773,28698.599609375,0.024240299395413473,12243.7998046875,0.010055450964549885,12.9399995803833,-0.050623663115495154,82.10050201416016,-0.0007764564152320519,75.66999816894531,0.0370014650277426,4109.31005859375,0.020234320589698873
2023-04-03,17398.05078125,0.002203867672376198,40813.05078125,0.005020842726372889,28633.0,-0.0022884286658737866,12425.849609375,0.014759278202492572,12.59000015258789,-0.02704787010395271,82.18479919433594,0.0010267559650396496,80.41999816894531,0.0627725666042025,4124.509765625,0.0036988464765423945
2023-04-05,17557.05078125,0.00909744726853034,40999.1484375,0.004549394320132018,28977.19921875,0.011949388095542949,12357.650390625,-0.0055036125563131056,12.40999984741211,-0.014297085225911,82.11479949951172,-0.0008517353027619468,80.61000061035156,0.0023626267810539225,4090.3798828125,-0.008274894412167333
2023-04-06,17599.150390625,0.002395004471214228,41041.0,0.0010202703658523248,28764.55078125,-0.007365533565106576,12469.349609375,0.00899826579354529,11.800000190734863,-0.049153881077964034,81.94999694824219,-0.002006977454417469,80.69999694824219,0.0011164413498225834,4105.02001953125,0.0035791630944272956
2023-04-10,17624.05078125,0.0014138632460749291,40834.6484375,-0.005040619606688802,29041.599609375,0.009585518065807885,12616.75,0.011751694307019745,12.270000457763672,0.039830530460316815,81.88480377197266,-0.0007955238401131659,79.73999786376953,-0.011895899885700834,4109.10986328125,0.0009963029974375814
2023-04-11,17722.30078125,0.005559286811614234,41366.5,0.012940427094768902,28675.75,-0.012677453546204125,12742.0498046875,0.009882236175826621,11.979999542236328,-0.023634955558933912,81.98390197753906,0.0012102148506378807,81.52999877929688,0.022447967939319913,4108.93994140625,-4.1352477946232646e-05
2023-04-12,17812.400390625,0.005071088231309614,41557.94921875,0.004617445414658967,28980.349609375,0.010566182774492535,12862.2001953125,0.009385260068830515,12.270000457763672,0.02420708903242641,82.07009887695312,0.0010513881058951124,83.26000213623047,0.02121922461469361,4091.949951171875,-0.004134884052006904
2023-04-13,17828.0,0.0008753891763391581,42132.55078125,0.01373179970220625,28342.80078125,-0.02224494340661777,12918.650390625,0.004379241510280913,11.90999984741211,-0.029339901949537173,81.96060180664062,-0.0013341895746545873,82.16000366210938,-0.013211607565434269,4146.22021484375,0.01326268999363811
2023-04-17,17706.849609375,-0.00681870678285114,42262.55078125,0.003080749958529263,27008.19921875,-0.048232562555715994,12996.150390625,0.005981155841862062,12.270000457763672,0.03022675188612922,81.84480285644531,-0.001412861150879574,80.83000183105469,-0.01618794756295827,4151.31982421875,0.0012299417567700477
2023-04-18,17660.150390625,-0.0026408372714739102,42265.19921875,6.26643321482048e-05,27166.94921875,0.005860637541806933,13005.099609375,0.0006883683748576827,12.079999923706055,-0.015484965523159144,82.00370025634766,0.001941447646725214,80.86000061035156,0.00037113421523327084,4154.8701171875,0.0008552202959737354
2023-04-19,17618.75,-0.0023470351496987078,42154.0,-0.002634454818158824,26687.44921875,-0.017807744038076015,13002.5498046875,-0.00019608113405978573,12.149999618530273,0.005794676760456641,82.10790252685547,0.0012707020559081794,79.16000366210938,-0.021023954185137028,4154.52001953125,-8.42619976980652e-05
2023-04-20,17624.44921875,0.00032342232975522987,42269.5,0.0027362066737507567,26637.150390625,-0.001886515544833204,13032.349609375,0.0022892208821290584,11.9399995803833,-0.01728395429961138,82.34010314941406,0.002827993596385525,77.29000091552734,-0.023623075544109917,4129.7900390625,-0.00595254815297297
2023-04-21,17624.05078125,-2.260734499433094e-05,42118.0,-0.0035905830310196166,26822.099609375,0.006919287369105775,12898.75,-0.010304290485290222,11.630000114440918,-0.02596310526272494,82.14089965820312,-0.002419276677968929,77.87000274658203,0.007504228544240599,4133.52001953125,0.0009031888869577287
2023-04-24,17743.400390625,0.006749146939408538,42635.75,0.012217900462657947,27013.650390625,0.007116148269010399,12893.349609375,-0.00041876317056065474,11.670000076293945,0.0034393775975427587,82.05480194091797,-0.001048171101648676,78.76000213623047,0.011429297011133155,4137.0400390625,0.0008515791660903549
2023-04-25,17769.25,0.0014557975062981768,42678.5,0.0010021773285946375,26985.80078125,-0.0010314775887467589,12904.5498046875,0.0008683029448586577,11.520000457763672,-0.01285343766492153,81.85230255126953,-0.0024678554436612377,77.06999969482422,-0.021457623102689505,4071.6298828125,-0.015810858882773227
2023-04-26,17813.599609375,0.002492753268886545,42829.8984375,0.0035411397821429047,27065.0,0.0029305495676764785,12972.75,0.005271056387920321,11.649999618530273,0.011284648923689078,81.9916000366211,0.0017018151109959856,74.30000305175781,-0.035941308603020916,4055.989990234375,-0.003841187197329843
2023-04-27,17915.05078125,0.005678996739265909,43000.8515625,0.0039834989455577,27355.25,0.01066708632214399,13071.7998046875,0.007606219571481039,11.430000305175781,-0.01888406185048841,81.76689910888672,-0.0027405359528782647,74.76000213623047,0.006191104516539703,4135.35009765625,0.01956614972249704
2023-04-28,18065.0,0.008335179280697748,43233.8984375,0.005404954321621839,27708.19921875,0.012819903499545583,13189.25,0.00894488067254503,10.949999809265137,-0.04199479292168429,81.76509857177734,-2.2020366786557055e-05,76.77999877929688,0.027019751007838266,4169.47998046875,0.008253202753460531
2023-05-02,18147.650390625,0.004564732669242972,43352.1015625,0.0027303074037265326,28025.0,0.011368598887592854,13283.150390625,0.0070942402698079806,11.899999618530273,0.08675797496008286,81.77469635009766,0.00011738233657099251,71.66000366210938,-0.06668396976541846,4119.580078125,-0.011967895895291014
2023-05-03,18089.849609375,-0.003190111363585117,43312.69921875,-0.0009093044952446459,27743.75,-0.010086379358015247,13278.599609375,-0.0003426567371899531,11.84000015258789,-0.005041972089558144,81.77870178222656,4.898131460806532e-05,68.5999984741211,-0.04270171687984825,4090.75,-0.006998305064656485
2023-05-04,18255.80078125,0.009131894646700034,43685.44921875,0.008569200325486675,27883.19921875,0.005013739305368407,13292.5498046875,0.001050025828905492,11.729999542236328,-0.0092905919707712,81.77999877929688,1.585983932295143e-05,68.55999755859375,-0.0005831037378584147,4061.219970703125,-0.007218732334382416
2023-05-05,18069.0,-0.010285117822267788,42661.19921875,-0.02372525310222511,27719.94921875,-0.005871986520977913,13345.7998046875,0.003998000755293346,12.300000190734863,0.048593407565458824,81.71610260009766,-0.000781317928013836,71.33999633789062,0.04054840837648799,4136.25,0.018474751389515376
2023-05-08,18264.400390625,0.010756068652657526,43284.0,0.014493227979497045,27920.94921875,0.007224932737892661,13584.25,0.017709319433503023,12.640000343322754,0.02764228839963767,81.72979736328125,0.00016758952945439276,73.16000366210938,0.025511738402656636,4138.1201171875,0.0004521286642489297
2023-05-09,18265.94921875,8.479678637020549e-05,43198.1484375,-0.0019854176209196744,28125.5,0.007299363021847742,13648.5,0.004718592078366906,12.680000305175781,0.003164553858114205,81.78710174560547,0.0007011443093332126,73.70999908447266,0.007517706326306994,4119.169921875,-0.004579421277258522
2023-05-10,18315.099609375,0.0026872067245805376,43331.05078125,0.0030718520328054146,28091.75,-0.001200699217934734,13750.849609375,0.007470986493680092,13.079999923706055,0.0315457104813317,82.1050033569336,0.003886940661095295,72.55999755859375,-0.015601703163243719,4137.64013671875,0.004483965263404999
2023-05-11,18297.0,-0.0009887229108728535,43475.30078125,0.0033234925827626636,28102.0,0.00036480925774396133,13803.75,0.0038396824028052896,13.220000267028809,0.010703390224721554,81.9198989868164,-0.0022544834364416344,70.87000274658203,-0.023290998744135982,4130.6201171875,-0.0016966239932159066
2023-05-12,18314.80078125,0.0009724068345624825,43793.55078125,0.0072935853999033864,28028.400390625,-0.002622452398097255,13910.5,0.007703656273177204,12.850000381469727,-0.027987887903593744,82.10030364990234,0.0022022080754149354,70.04000091552734,-0.011711609974429105,4124.080078125,-0.0015833068345566526
2023-05-15,18398.849609375,0.004578622613795238,44072.1015625,0.00634040053149548,28165.400390625,0.00487599235253357,14007.849609375,0.006973908220925407,13.170000076293945,0.02490269924705002,82.20030212402344,0.0012180037061435556,71.11000061035156,0.015276980023382736,4136.27978515625,0.0029581644391338813
2023-05-16,18286.5,-0.0061250587396132535,43903.69921875,-0.0038283834403819313,28216.0,0.0017949047951660907,13877.7001953125,-0.00933460950344776,13.289999961853027,0.009111608569773777,82.2667007446289,0.0008077661381984402,70.86000061035156,-0.0035156799023231544,4109.89990234375,-0.006377683373153031
2023-05-17,18181.75,-0.005744738948538704,43698.69921875,-0.0046802456978711085,27942.94921875,-0.009724289244236331,13889.900390625,0.0008787360693842813,13.109999656677246,-0.013544041060379652,82.2959976196289,0.0003561206993210053,72.83000183105469,0.02780131532224872,4158.77001953125,0.011890829058788244
2023-05-18,18129.94921875,-0.0028531199312594804,43752.30078125,0.0012258652093733874,27892.55078125,-0.0018052476000764873,13767.7001953125,-0.008836702238294669,12.800000190734863,-0.023646031583570037,82.45030212402344,0.0018749940320028635,71.86000061035156,-0.01331870378025335,4198.0498046875,0.009445048649426635
2023-05-19,18203.400390625,0.004043187469679982,43969.3984375,0.004949701189467548,28303.650390625,0.014631129309400531,13863.5498046875,0.006937796432345074,12.300000190734863,-0.03906249941792339,82.72509765625,0.0033328626475279677,71.55000305175781,-0.004313909768449031,4191.97998046875,-0.0014458676054706077
2023-05-22,18314.400390625,0.0060792457091855085,43885.1015625,-0.0019190115672923713,29007.30078125,0.02455676398123661,13890.5,0.001942073605309024,12.569999694824219,0.021951178853861775,82.90480041503906,0.0021722882641466157,71.98999786376953,0.006149473001328065,4192.6298828125,0.0001550346964389604
2023-05-23,18348.0,0.0018329197446846867,43954.44921875,0.0015789623248502675,28873.69921875,-0.004616430254139537,13982.599609375,0.006608518309811896,12.609999656677246,0.0031821768356523616,82.82499694824219,-0.0009625916279559776,72.91000366210938,0.01277963363856216,4145.580078125,-0.011222026747550129
2023-05-24,18285.400390625,-0.003417628155656871,43677.8515625,-0.006312708266810048,28890.80078125,0.0005921132529371987,13989.599609375,0.0005004969463704294,13.109999656677246,0.03965107165845483,82.8906021118164,0.000792093763857471,74.33999633789062,0.01961312033953999,4115.240234375,-0.007318600335353365
2023-05-25,18321.150390625,0.0019532029433287895,43681.3984375,8.12020479102275e-05,28928.75,0.0013126779328617142,14029.5,0.002848087065794287,12.520000457763672,-0.04500375395609357,82.71369934082031,-0.0021341716248780562,71.83000183105469,-0.033763715771890745,4151.27978515625,0.008757581265902425
2023-05-26,18499.349609375,0.009679423693686186,44018.0,0.007676294737785179,29355.900390625,0.014657651213158257,14130.4501953125,0.007169801584606943,11.899999618530273,-0.0495208319939745,82.74210357666016,0.0003434042494316891,72.66999816894531,0.011694226875648805,4205.4501953125,0.01304908677799732
2023-05-29,18598.650390625,0.005353443226476252,44311.8984375,0.006654587569326416,29240.19921875,-0.003949113439781075,14219.599609375,0.006289209968167016,12.300000190734863,0.0336134945400941,82.57479858398438,-0.0020220055503032963,72.66999816894531,0.0,4205.4501953125,0.0
2023-05-30,18633.849609375,0.0018907797884415813,44436.3515625,0.002804634605837507,29297.650390625,0.0019628732761579316,14177.849609375,-0.0029404070597497485,12.010000228881836,-0.023577232305368012,82.57969665527344,5.9316781549023645e-05,69.45999908447266,-0.04417227418954872,4205.52001953125,1.660326849850513e-05
2023-05-31,18534.400390625,-0.005351312266430236,44128.1484375,-0.00695999794844743,29319.75,0.0007540290178276606,14199.0,0.0014906795386179954,11.970000267028809,-0.0033305546287030197,82.68389892578125,0.0012618388626783883,68.08999633789062,-0.019723621719544338,4179.830078125,-0.006108624209833935
2023-06-01,18487.75,-0.0025201353688439534,43790.19921875,-0.007687835184272107,29446.25,0.004305217145581508,14257.0,0.004076474579603359,11.600000381469727,-0.030910599607774536,82.66680145263672,-0.00020678116739369923,70.0999984741211,0.02951978622903728,4221.02001953125,0.009854453563032717
2023-06-02,18534.099609375,0.002503906967370625,43937.8515625,0.0033661407464229674,29328.150390625,-0.004018748555009692,14388.599609375,0.009188185061693074,11.130000114440918,-0.040517263066611964,82.27670288085938,-0.004718926641922194,71.73999786376953,0.023395141588396395,4282.3701171875,0.014534424705965554
2023-06-05,18593.849609375,0.0032186023111129003,44101.6484375,0.00372099032800276,29238.75,-0.0030529346598871156,14570.25,0.012545579371345799,11.140000343322754,0.0008984931517530548,82.40979766845703,0.0016176485315702038,72.1500015258789,0.005715133458575661,4273.7900390625,-0.0020035816359177394
2023-06-06,18599.0,0.00027695595857881204,44164.55078125,0.0014252874816249176,28689.05078125,-0.018979340215880245,14729.5,0.010870506962257626,11.380000114440918,0.021543964427435336,82.51119995117188,0.001230463920355529,71.73999786376953,-0.00568265631931153,4283.85009765625,0.0023538963079141606
2023-06-07,18726.400390625,0.006826497990157328,44275.30078125,0.002504528353107374,28913.69921875,0.007799960121861341,14819.4501953125,0.0060882347808265775,11.4399995803833,0.005272360750352201,82.51719665527344,7.267745597094866e-05,72.52999877929688,0.01101200082313225,4267.52001953125,-0.0038120096998572883
2023-06-08,18634.55078125,-0.004916887367083021,43995.25,-0.006345303578787254,28591.099609375,-0.011220037292899335,14692.0,-0.008637392390526138,11.260000228881836,-0.015734209624458262,82.61810302734375,0.0012228526435751341,71.29000091552734,-0.017096344748918968,4293.93017578125,0.0061886426142414575
2023-06-09,18563.400390625,-0.003825505177262602,43989.0,-0.00014207088224336455,28355.349609375,-0.008279755807085369,14626.0,-0.00450236110866142,11.119999885559082,-0.012433422777705982,82.48829650878906,-0.001571163144616472,70.16999816894531,-0.015710516653087758,4298.85986328125,0.001148059539441082
2023-06-12,18601.5,0.0020503013499982166,43944.19921875,-0.001018973164275824,28784.0,0.015003966092398449,14673.849609375,0.003266204608664916,11.25,0.011690657893777656,82.4448013305664,-0.0005272890829794985,67.12000274658203,-0.04346580450265847,4338.93017578125,0.009321148810237156
2023-06-13,18716.150390625,0.00614458574708609,44079.8515625,0.003082167883316617,28899.30078125,0.003997723197104247,14658.2998046875,-0.001060256848189253,11.109999656677246,-0.012444474962022611,82.33719635009766,-0.0013051760539430912,69.41999816894531,0.03426691490235978,4369.009765625,0.006932489951473775
2023-06-14,18755.900390625,0.002121582036807868,43988.0,-0.0020859279334045733,28855.05078125,-0.0015323523669293151,14682.7001953125,0.0016632286731849753,11.15999984741211,0.004500467351933102,82.29039764404297,-0.0005683786688059911,68.2699966430664,-0.016565853589914914,4372.58984375,0.0008194255259321714
2023-06-15,18688.099609375,-0.0036214536561356998,43443.6015625,-0.012453288362431057,28699.0,-0.0054227690853903485,14707.849609375,0.001711395014241992,11.079999923706055,-0.007168452042999429,82.04499816894531,-0.0029821155581135628,70.62000274658203,0.034422238451278675,4425.83984375,0.01217813742034668
2023-06-16,18826.0,0.007351956368470602,43938.1484375,0.011319346554957662,28588.80078125,-0.0038472188902194293,14768.4501953125,0.004111823513851162,10.84000015258789,-0.02166062931143853,81.9126968383789,-0.001612545962813905,71.77999877929688,0.01642588484281804,4409.58984375,-0.0036716195284263176
2023-06-19,18755.44921875,-0.003754557931873424,43633.75,-0.0069519941648089716,28708.30078125,0.004171246712632312,14676.7001953125,-0.006231946227140046,11.229999542236328,0.035977802966666195,81.91480255126953,2.5706794818169953e-05,71.77999877929688,0.0,4409.58984375,0.0
2023-06-20,18816.69921875,0.0032603966930515953,43766.5,0.003037751083869339,28930.80078125,0.007720491789834617,14785.650390625,0.007395926650395241,11.130000114440918,-0.0089046689110992,81.98139953613281,0.0008130030567015112,70.5,-0.017832248552030583,4388.7099609375,-0.0047351076976228645
2023-06-21,18856.849609375,0.0021314905059401927,43859.19921875,0.002115800596355233,29025.69921875,0.0032748189525257715,14777.7001953125,-0.0005378413032743679,11.289999961853027,0.014375547687956791,81.9917984008789,0.00012684419642661204,72.52999877929688,0.028794308926196832,4365.68994140625,-0.005245281583003636
2023-06-22,18771.25,-0.004549778379793411,43724.8515625,-0.003067859054753736,28811.150390625,-0.007419138964237513,14702.099609375,-0.0051289867753901534,11.550000190734863,0.023029249757336778,81.94149780273438,-0.0006134832888845532,69.51000213623047,-0.04163789733756951,4381.89013671875,0.003710798414438443
2023-06-23,18665.5,-0.005649543898520234,43622.8984375,-0.0023344200920940887,28554.30078125,-0.008954913472599805,14550.2001953125,-0.010385561504251387,11.239999771118164,-0.026839862727047747,81.91929626464844,-0.00027094376697123224,69.16000366210938,-0.0050352246204099504,4348.330078125,-0.007658808766684566
2023-06-26,18691.19921875,0.0013758829522746805,43641.05078125,0.00041603306232032886,28590.099609375,0.0012529253107368093,14717.849609375,0.011456263658598916,11.399999618530273,0.014234862159271389,81.98480224609375,0.0007996404318915129,69.37000274658203,0.0030364238483653327,4328.81982421875,-0.004486838293256468
2023-06-27,18817.400390625,0.006729211402828641,44121.5,0.010948952922037057,28800.150390625,0.007320118633332776,14729.900390625,0.0008184517949722991,10.779999732971191,-0.054385956693480564,82.00650024414062,0.0002646587837309422,67.69999694824219,-0.024073889753768674,4378.41015625,0.011455854954693034
2023-06-28,18972.099609375,0.008187463868637099,44327.80078125,0.004664845364139417,28843.0,0.0014867201732484939,14840.5498046875,0.007483817781909237,10.890000343322754,0.010204138504300797,81.99839782714844,-9.88021311489895e-05,69.55999755859375,0.027474160918700807,4376.85986328125,-0.00035407668843834283
2023-06-30,19189.05078125,0.011370386219451868,44747.3515625,0.009420222650310686,29563.0,0.0246562502301459,15147.650390625,0.0204821443136672,10.800000190734863,-0.008264476561111844,82.07540130615234,0.0009390851656179144,70.63999938964844,0.015526191330655914,4450.3798828125,0.016797435108222514
2023-07-03,19322.55078125,0.006933003527425256,45158.1015625,0.009137440357804626,29424.80078125,-0.004685696695765009,15106.849609375,-0.0026971727170893036,11.539999961853027,0.06851849611567573,82.09629821777344,0.00025460626799911346,69.79000091552734,-0.012032821085296463,4455.58984375,0.0011706778016009611
2023-07-04,19389.0,0.0034330468644171055,45301.44921875,0.003169323194759028,29729.849609375,0.010313695716851616,15035.0498046875,-0.004764128464765584,11.699999809265137,0.013864804847574463,81.95010375976562,-0.001780767966175656,69.79000091552734,0.0,4455.58984375,0.0
2023-07-05,19398.5,0.0004898485434720244,45151.80078125,-0.003308860080453837,29841.849609375,0.003760179193553351,15281.900390625,0.016285018100985017,11.880000114440918,0.015384641718817926,82.0071029663086,0.0006955355018227749,71.79000091552734,0.02865740039781306,4446.81982421875,-0.0019683184132291975
2023-07-06,19497.30078125,0.005080291021865595,45339.8984375,0.004157241576324144,29805.19921875,-0.0012289089219858242,15453.7001953125,0.011179322392545696,11.84000015258789,-0.0033670001235441838,82.39409637451172,0.004719023038310732,71.80000305175781,0.00013932492133883478,4411.58984375,-0.007922511336500904
2023-07-07,19331.80078125,-0.008524585713268293,44925.0,-0.00919297238740138,29560.44921875,-0.00824555591108672,15498.849609375,0.0029173329091772724,11.529999732971191,-0.026182467535605713,82.76840209960938,0.004542870685738221,73.86000061035156,0.028690772577109502,4398.9501953125,-0.0028651005386203243
2023-07-10,19355.900390625,0.0012458539412885826,44860.8515625,-0.0014289210894276783,29194.75,-0.012448394221213636,15403.2001953125,-0.006190509699293154,11.460000038146973,-0.006071092493094121,82.61530303955078,-0.0018497283525462649,72.98999786376953,-0.011779078518719954,4409.52978515625,0.002405026057131332
2023-07-11,19439.400390625,0.004304651710725516,44745.05078125,-0.00258467004267641,29324.80078125,0.004444702449486708,15617.4501953125,0.013813598628208074,11.010000228881836,-0.03926699893256713,82.52529907226562,-0.0010894345717290532,74.83000183105469,0.025208987822131323,4439.259765625,0.0067422110558885695
2023-07-12,19384.30078125,-0.00283845407345589,44639.44921875,-0.0023628618302310627,29118.05078125,-0.007075317407203054,15614.900390625,-0.000163279717685636,10.9399995803833,-0.006357915262790503,82.39990234375,-0.0015194943844532016,75.75,0.012294509507328577,4472.16015625,0.007411233485312474
2023-07-13,19413.75,0.0015180775225879406,44665.05078125,0.0005733543819480937,29628.19921875,0.017368300500070013,15519.7001953125,-0.006115414375930511,10.9399995803833,0.0,82.00180053710938,-0.0048313383307161395,76.88999938964844,0.015049496893048575,4510.0400390625,0.008470153458069118
2023-07-14,19564.5,0.007735121594226721,44819.30078125,0.0034475335650226897,30945.5,0.04350100862886494,15576.099609375,0.0036274658481902904,10.680000305175781,-0.02376593100366553,82.03079986572266,0.00035364258374004365,75.41999816894531,-0.019118236862686544,4505.419921875,-0.0010244071333035398
2023-07-17,19711.44921875,0.007482946045497489,45449.75,0.01396845240404614,31041.599609375,0.0031006350344469527,15526.7998046875,-0.0031701125556289405,11.319999694824219,0.0599250347716076,82.07679748535156,0.0005607359638599707,74.1500015258789,-0.016838990637755513,4522.7900390625,0.0038553825145495324
2023-07-18,19749.25,0.0019158704007220429,45410.8515625,-0.000856222371578045,31371.150390625,0.010560465416561865,15513.7998046875,-0.0008376127345256147,11.710000038146973,0.03445232807745313,82.06159973144531,-0.0001851650450782616,75.75,0.021577861647955388,4554.97998046875,0.007117275205842377
2023-07-19,19833.150390625,0.00423928389630214,45669.30078125,0.005675219151024789,31353.55078125,-0.0005611699859242106,15513.150390625,-4.1861288879899566e-05,11.600000381469727,-0.009393651265491632,82.07540130615234,0.00016818554296049726,75.3499984741211,-0.005280548196421209,4565.72021484375,0.002357910335732072
2023-07-20,19979.150390625,0.007334449485705515,46186.8984375,0.011269857428611798,31145.94921875,-0.006643327579258926,15577.0,0.004107390819160887,11.789999961853027,0.01637927363233649,82.06169891357422,-0.00016694883436529917,75.62999725341797,0.0037159759119709257,4534.8701171875,-0.006756896218903741
2023-07-21,19745.0,-0.011788954585924888,46075.19921875,-0.0024213469270947235,29871.05078125,-0.04179438555473548,15590.349609375,0.0008566407062954713,11.489999771118164,-0.025445308880875706,82.0823974609375,0.00025223152380848823,77.06999969482422,0.019040096439262744,4536.33984375,0.0003240945218980773
2023-07-24,19672.349609375,-0.0036862180542648424,45923.05078125,-0.003307640660877903,29843.44921875,-0.0009244509948409124,15617.5498046875,0.001743161360473549,11.649999618530273,0.01392513930368322,81.99030303955078,-0.0011219752862426935,78.73999786376953,0.021668589276735872,4554.64013671875,0.004034153877153557
2023-07-25,19680.599609375,0.00041928243166748923,45845.0,-0.0017010451765266657,29761.150390625,-0.002761494279442466,15765.599609375,0.009435057075951526,10.239999771118164,-0.12103003378381139,81.81420135498047,-0.002147835512760099,79.62999725341797,0.011303015161217678,4567.4599609375,0.002814673351556163
2023-07-26,19778.30078125,0.0049520574860006375,46062.3515625,0.0047298059187539645,29800.400390625,0.0013179645313699162,15763.25,-0.0001490450434100435,10.460000038146973,0.021484401557245958,81.95010375976562,0.0016611102050057003,78.77999877929688,-0.010674350162489965,4566.75,-0.00015543889679858758
2023-07-27,19659.900390625,-0.006004368496797154,45679.30078125,-0.00835068908033899,29745.0,-0.0018607787082419711,15572.0,-0.012206851695569912,10.510000228881836,0.004780132940011006,81.97550201416016,0.00030992339520374834,80.08999633789062,0.016628555202999218,4537.41015625,-0.006424666064487883
2023-07-28,19646.05078125,-0.0007047080421790248,45468.1015625,-0.004634242804489082,29490.25,-0.008601350398634494,15537.900390625,-0.002192203935277182,10.140000343322754,-0.035204555423539396,82.3749008178711,0.004872172708889844,80.58000183105469,0.006118185985385605,4582.22998046875,0.009877842794752345
2023-07-31,19753.80078125,0.005469577389253641,45651.1015625,0.004016721827411335,29928.44921875,0.014749806674252706,15708.0498046875,0.010891081555272129,10.40999984741211,0.026627169126986372,82.25279998779297,-0.0014822576885171745,81.80000305175781,0.015140248113433952,4588.9599609375,0.0014687129405193122
2023-08-01,19733.55078125,-0.0010256449710540406,45592.5,-0.0012845080543512574,30288.650390625,0.01196356086242813,15688.7001953125,-0.0012325869285690436,10.279999732971191,-0.012488003491492372,82.2332992553711,-0.00023708290082247174,81.37000274658203,-0.005256727251021109,4576.72998046875,-0.002665087639215691
2023-08-02,19526.55078125,-0.010545154493387934,44995.69921875,-0.013176317022579312,30043.599609375,-0.00812342085113412,15428.900390625,-0.016698320983447906,11.279999732971191,0.09727626711824566,82.30729675292969,0.0008998483367279597,79.48999786376953,-0.023104397435840918,4513.39013671875,-0.013839541336347905
2023-08-03,19381.650390625,-0.007448355676119346,44513.44921875,-0.0107755391414209,29971.150390625,-0.0024143815959790896,15379.7998046875,-0.0031874520636987155,11.1899995803833,-0.007978737120429402,82.7332992553711,0.005175756211750926,81.55000305175781,0.02591527542268568,4501.89013671875,-0.0025479738404268204
2023-08-04,19517.0,0.006959118337332752,44879.5,0.008189747187567145,30436.099609375,0.015394125726673131,15328.400390625,-0.0033476049873342284,10.569999694824219,-0.05540660489799987,82.7843017578125,0.0006164688571645982,82.81999969482422,0.015573226186887723,4478.02978515625,-0.005300074155050516
2023-08-07,19597.30078125,0.004105960861445235,44837.5,-0.0009362774740161744,30779.25,0.011211370584655761,15390.900390625,0.004069108648192863,11.100000381469727,0.050141977478488586,82.69529724121094,-0.0010751376131907797,81.94000244140625,-0.010625419665063918,4518.43994140625,0.00902409277936278
2023-08-08,19570.849609375,-0.0013506471779916257,44964.44921875,0.0028273173226376906,30824.94921875,0.0014836400022161592,15343.650390625,-0.003074717932985941,11.329999923706055,0.020720678768650025,82.74829864501953,0.0006409240377236447,82.91999816894531,0.011959918212595122,4499.3798828125,-0.004218283044793103
2023-08-09,19632.55078125,0.0031477485221408875,44880.69921875,-0.0018643193475417655,30940.05078125,0.0037270847807387834,15486.2001953125,0.009247584263678228,11.140000343322754,-0.016769601205888773,82.84500122070312,0.0011686352138602363,84.4000015258789,0.01784856958050285,4467.7099609375,-0.007038730380597102
2023-08-10,19543.099609375,-0.004566679886024027,44541.80078125,-0.007579749169349342,30867.0,-0.002363834363302846,15444.7998046875,-0.0026769529176681197,11.399999618530273,0.023339251992336107,82.86630249023438,0.0002571219653253465,82.81999969482422,-0.0187204005034316,4468.830078125,0.00025071394456976925
2023-08-11,19428.30078125,-0.005891456761763215,44199.1015625,-0.0077236294273555234,30819.150390625,-0.0015513893692203889,15378.099609375,-0.0043279704827060925,11.520000457763672,0.010526389758675148,82.79989624023438,-0.0008013661525181348,83.19000244140625,0.004467553102456279,4464.0498046875,-0.0010696923700230787
2023-08-14,19434.55078125,0.0003216439248586792,44090.94921875,-0.0024499339821140898,31028.900390625,0.0067827781635085415,15327.4501953125,-0.0032990427022049035,12.0,0.04166662527455389,82.89730072021484,0.0011763840826304328,82.51000213623047,-0.008174062810669236,4489.72021484375,0.005750475751703066
2023-08-16,19465.0,0.0015655309306883672,43946.3984375,-0.003283854295877549,31212.099609375,0.005886786774070218,15425.0,0.006344218509990825,12.130000114440918,0.010833342870076423,83.19419860839844,0.0035815145439492824,79.37999725341797,-0.03793485397860752,4404.330078125,-0.019019032953642934
2023-08-17,19365.25,-0.005137758290060533,43891.3515625,-0.0012533764174591517,31060.19921875,-0.004878595933067455,15399.25,-0.0016707628565160557,12.239999771118164,0.009068397002427897,83.23699951171875,0.0005144698072250264,80.38999938964844,0.012723635313391046,4370.35986328125,-0.007712913029036983
2023-08-18,19310.150390625,-0.0028493381372506382,43851.05078125,-0.0009186159258807088,30604.05078125,-0.014794853027773306,15391.75,-0.0004871553472329699,12.140000343322754,-0.008169888044554652,83.09829711914062,-0.0016663550271126537,81.25,0.010697855664647538,4369.7099609375,-0.00014870682600087726
2023-08-21,19393.599609375,0.0043122099570484,44002.0,0.003436405815228699,30937.599609375,0.010839881351395098,15427.599609375,0.0023264362161089206,11.960000038146973,-0.014827042840635962,83.16729736328125,0.0008303448630444521,80.72000122070312,-0.006523061899038507,4399.77001953125,0.006879188518795987
2023-08-22,19396.44921875,0.00014692476375842436,43993.25,-0.0001988743717153192,30902.400390625,-0.0011383965896300185,15507.900390625,0.005191508888099296,11.75,-0.017558531561636115,83.1135025024414,-0.0006468270888358996,80.3499984741211,-0.0045837802401709205,4387.5498046875,-0.002777466728829614
2023-08-23,19444.0,0.0024485198272942723,44479.05078125,0.010982096306049152,30924.099609375,0.0007019391245168557,15498.099609375,-0.000632186130195133,11.729999542236328,-0.001702166618184786,83.07330322265625,-0.0004836672571220113,78.88999938964844,-0.018170492995627008,4436.009765625,0.011044879965972587
2023-08-24,19386.69921875,-0.0029513155310064644,44496.19921875,0.00038546534485323823,31112.150390625,0.006062628132446022,15459.2998046875,-0.0025066591986343863,11.699999809265137,-0.002557522092236364,82.5447006225586,-0.006363086329682521,79.05000305175781,0.00202818688486861,4376.31005859375,-0.013457974663146133
2023-08-25,19265.80078125,-0.0062556798015631025,44231.44921875,-0.005967717850931622,30914.55078125,-0.00637145855292166,15363.599609375,-0.006209701530440954,12.079999923706055,0.0324786427893784,82.64140319824219,0.0011715176741118327,79.83000183105469,0.009867156852431336,4405.7099609375,0.006717966037625089
2023-08-28,19306.05078125,0.0020870149074536447,44494.6484375,0.005932865249995644,30773.599609375,-0.004569805263217088,15475.25,0.007240923696380422,12.399999618530273,0.02649004112957365,82.66429901123047,0.0002770501480156007,80.0999984741211,0.003382145019084515,4433.31005859375,0.006264619755036449
2023-08-29,19342.650390625,0.0018939637920959618,44495.25,1.3519792933261855e-05,30866.05078125,0.002999732821816164,15578.900390625,0.006675486157414152,12.229999542236328,-0.01370968399385275,82.69149780273438,0.0003290270628220071,81.16000366210938,0.013233523198265207,4497.6298828125,0.01450830719454621
2023-08-30,19347.44921875,0.00024806491573087567,44232.6015625,-0.005920332793684393,31103.900390625,0.007676326117293002,15678.099609375,0.006347349509013142,11.800000190734863,-0.03515939228096132,82.49469757080078,-0.002379933090619235,81.62999725341797,0.0057909508391018605,4514.8701171875,0.003833182103508026
2023-08-31,19253.80078125,-0.004852103039648143,43989.1484375,-0.00551913202767963,31164.900390625,0.0019592482510605845,15670.25,-0.0005007989024537733,12.0600004196167,0.02203391734569493,82.70040130615234,0.002493538874726031,83.62999725341797,0.024500797100250438,4507.66015625,-0.0015969365120942491
2023-09-01,19435.30078125,0.009382556025202547,44436.1015625,0.010109260226866475,31514.349609375,0.011150511196007592,15928.2998046875,0.01633337878595268,11.369999885559082,-0.057213972640935196,82.68240356445312,-0.00021762580852047186,85.55000305175781,0.02295833865116359,4515.77001953125,0.0017991292600010311
2023-09-04,19528.80078125,0.004799298621963187,44578.30078125,0.0031949737563430865,32163.94921875,0.0204032506039926,15943.599609375,0.0009600812090900054,10.960000038146973,-0.03605979345108401,82.6969985961914,0.00017651920008465716,85.55000305175781,0.0,4515.77001953125,0.0
2023-09-05,19574.900390625,0.002357814188949651,44532.1484375,-0.0010358459256198218,32365.30078125,0.006240649503322685,15942.75,-5.3289848829354256e-05,10.819999694824219,-0.01277375390834612,82.7345962524414,0.0004546435407357663,86.69000244140625,0.013325533009726831,4496.830078125,-0.004194177587506065
2023-09-06,19611.05078125,0.0018450694598145603,44409.1015625,-0.0027669265611331073,32312.30078125,-0.001638898492916416,15921.25,-0.0013494855173753102,10.680000305175781,-0.012938945803797619,83.08609771728516,0.004248542698767066,87.54000091552734,0.009805034608178831,4465.47998046875,-0.006971599351452862
2023-09-07,19727.05078125,0.005897607236551244,44878.3515625,0.010511092072095685,32448.349609375,0.004201595488867615,15995.849609375,0.004674594254039329,10.869999885559082,0.017790222373984532,83.25740051269531,0.002061750402492679,86.87000274658203,-0.007653623051613101,4451.14013671875,-0.0032112659361860363
2023-09-08,19819.94921875,0.004698136818212182,45156.3984375,0.006176454289573154,32415.650390625,-0.001008239440059892,16102.900390625,0.006670115075780755,10.779999732971191,-0.008279682937941568,83.24150085449219,-0.00019096990904365896,87.51000213623047,0.007367323234873657,4457.490234375,0.0014266227216406246
2023-09-11,19996.349609375,0.008860770587058942,45570.69921875,0.009132964058589295,32642.80078125,0.006982991742396287,16374.9501953125,0.0167533357574045,11.350000381469727,0.05287575720017501,83.03130340576172,-0.002525152076461201,87.29000091552734,-0.0025140122881112115,4487.4599609375,0.006723453106275201
2023-09-12,19993.19921875,-0.00015756069892455075,45511.3515625,-0.0013031692663896396,32977.8984375,0.010213258105712605,16070.0498046875,-0.018795461030617303,11.6899995803833,0.029955875549455113,82.94329833984375,-0.0010599022574402372,88.83999633789062,0.017756849651809015,4461.89990234375,-0.005695885604828921
2023-09-13,20070.0,0.003833986143147051,45909.44921875,0.008709181480549116,32886.69921875,-0.0027692958062192985,15995.9501953125,-0.004621701570076198,11.829999923706055,0.011976077703004018,82.84300231933594,-0.001209211865398352,88.5199966430664,-0.0036019778029610094,4467.43994140625,0.0012416323054647016
2023-09-14,20103.099609375,0.0016478497893743786,46000.8515625,0.0019889473346230073,33045.3984375,0.004814029308260407,16169.650390625,0.010800475082663305,11.319999694824219,-0.04311075504403428,82.93679809570312,0.0011322112156875175,90.16000366210938,0.018526966575200587,4505.10009765625,0.00842991886716793
2023-09-15,20192.349609375,0.004429787863222843,46231.5,0.0050014753910877,33355.05078125,0.009326882336805004,16425.80078125,0.015717264496394618,10.899999618530273,-0.03710248123822646,83.0282974243164,0.0011032416335592377,90.7699966430664,0.006765671652400274,4450.31982421875,-0.012159612938677844
2023-09-18,20133.30078125,-0.0029286010148227575,45979.8515625,-0.0054580929130551405,33129.5,-0.006785084471886111,16563.900390625,0.00837233507150298,10.84000015258789,-0.005504538352495203,83.08580017089844,0.0006925680565044168,91.4800033569336,0.007822041865432006,4453.52978515625,0.0007212876971294246
2023-09-20,19901.400390625,-0.011585098803333688,45384.6015625,-0.013030416140942079,32949.19921875,-0.005457166404239649,16479.69921875,-0.005096379033596991,11.130000114440918,0.026752763631999965,83.19499969482422,0.0013142982760130373,90.27999877929688,-0.013117670896387934,4402.2001953125,-0.01152559707017864
2023-09-21,19742.349609375,-0.00802404589005525,44623.8515625,-0.016904370408570107,32919.94921875,-0.0008881244897333731,16200.400390625,-0.01709331562173184,10.819999694824219,-0.027852687909183493,83.08699798583984,-0.00129817548386979,89.62999725341797,-0.007199839772571659,4330.0,-0.01640093410321941
2023-09-22,19674.25,-0.0034553806166447805,44612.05078125,-0.0002644850561006651,32906.30078125,-0.00041468069943474857,16234.349609375,0.0020933863308875357,10.65999984741211,-0.014787416998601755,82.89129638671875,-0.002355381754849839,90.02999877929688,0.004462808637023086,4320.06005859375,-0.002295598477193961
2023-09-25,19674.55078125,1.5287950028248088e-05,44766.1015625,0.003447172038334627,32648.599609375,-0.007862188724259644,16221.5498046875,-0.0007887506174329757,10.899999618530273,0.022514050145735043,82.97480010986328,0.0010073883119761096,89.68000030517578,-0.003887576128697834,4337.43994140625,0.0040230650909416354
2023-09-26,19664.69921875,-0.0005008515772894238,44624.19921875,-0.0031748961958367318,32471.0,-0.005454580518780881,16278.25,0.003489267821971896,11.1899995803833,0.026605502018552274,83.0282974243164,0.0006447417093176089,90.38999938964844,0.007917028122843117,4273.52978515625,-0.014734533990868215
2023-09-27,19716.44921875,0.002628162551917123,44588.30078125,-0.0008047849670742244,32594.650390625,0.0038007931600585166,16283.400390625,0.0003163470282474363,11.59000015258789,0.0357462544418512,83.29869842529297,0.0032567330580641762,93.68000030517578,0.03639784199295071,4274.509765625,0.00022931406074522265
2023-09-28,19523.55078125,-0.009831803841213342,44300.94921875,-0.00646540641249693,31879.599609375,-0.022181881921230058,16092.2001953125,-0.011811513283951202,12.819999694824219,0.1061259297707331,83.22270202636719,-0.0009123359711789014,91.70999908447266,-0.021029047974867265,4299.7001953125,0.005893173970516585
2023-09-29,19638.30078125,0.005860311697675281,44584.55078125,0.006381300096807636,31784.400390625,-0.002990678867379065,16184.400390625,0.005713144781253306,11.449999809265137,-0.10686426818810202,83.19300079345703,-0.00035688859153770736,90.79000091552734,-0.01003160154977123,4288.0498046875,-0.002709582086142026
2023-10-03,19528.75,-0.005594042173129665,44399.05078125,-0.004169313569187289,31717.25,-0.0021149187538141404,15990.599609375,-0.012046814298952322,11.789999961853027,0.02969433696520829,83.3593978881836,0.0020001333422228207,89.2300033569336,-0.017182482022939927,4229.4501953125,-0.013665794952041233
2023-10-04,19436.099609375,-0.004755597219883326,43964.05078125,-0.009845818138615875,31811.5,0.0029671627144719575,15782.599609375,-0.013092982544615177,11.65999984741211,-0.01102630321132636,83.22979736328125,-0.0015547200218046786,84.22000122070312,-0.056147057578712634,4263.75,0.008109754957160709
2023-10-05,19545.75,0.005625729970019748,44213.3515625,0.005654542748643619,32125.400390625,0.009819147027114334,15916.099609375,0.008423108366856566,10.9399995803833,-0.061749594892885895,83.44979858398438,0.0026432987664606333,82.30999755859375,-0.02267874180034868,4258.18994140625,-0.001304030159777203
2023-10-06,19653.5,0.005497568008546022,44360.6015625,0.0033249082932183165,32341.69921875,0.006710388433293244,15990.650390625,0.004673049866638875,10.300000190734863,-0.058500860529833276,83.22489929199219,-0.002695024982784733,82.79000091552734,0.0058316531547932815,4308.5,0.011814893014644445
2023-10-09,19512.349609375,-0.007207861089913015,43886.5,-0.010744967608450853,32308.55078125,-0.0010254698289605202,15832.849609375,-0.009917329935546277,11.399999618530273,0.10679605897336675,83.12460327148438,-0.001205120358943601,86.37999725341797,0.04336268025354406,4335.66015625,0.00630385429964031
2023-10-10,19689.849609375,0.0090556762901256,44360.1484375,0.010734752974331987,32569.44921875,0.008042783189351399,16028.7001953125,0.012294006657706961,11.270000457763672,-0.011403435536549766,83.27030181884766,0.0017527728449713287,85.97000122070312,-0.00474642331270303,4358.240234375,0.005207990781392224
2023-10-11,19811.349609375,0.00615173136873013,44516.8984375,0.0035273485795833917,32548.05078125,-0.0006572254238951707,16175.7998046875,0.009135408554613238,10.989999771118164,-0.024844780414593592,83.25029754638672,-0.00024023297651132314,83.48999786376953,-0.028847310942416993,4376.9501953125,0.00429300817103373
2023-10-12,19794.0,-0.0008761245971014768,44599.19921875,0.0018470468705989987,32003.650390625,-0.01686751202817151,16301.7001953125,0.007753122702792513,10.619999885559082,-0.033666960260676726,83.21800231933594,-0.00038792926875474976,82.91000366210938,-0.006946870481498002,4349.60986328125,-0.00624643434611849
2023-10-13,19751.05078125,-0.002172167428733089,44287.94921875,-0.007003290747943073,31807.94921875,-0.0061337370208647025,16444.94921875,0.008748982857522998,10.619999885559082,0.0,83.26239776611328,0.0005334836879042903,87.69000244140625,0.05765285934345443,4327.77978515625,-0.005018858888767519
2023-10-16,19731.75,-0.0009776805295215437,44225.8984375,-0.0014020583910387882,31750.400390625,-0.0018108979923360036,16519.349609375,0.004514005733674407,11.069999694824219,0.042372863852573106,83.28230285644531,0.0002390645821652715,86.66000366210938,-0.01174590889064131,4373.6298828125,0.01059436938392988
2023-10-17,19811.5,0.004033563661320618,44409.5,0.004142855525817454,31794.900390625,0.0014005758640595444,16522.75,0.0002058217048675816,10.699999809265137,-0.03342365815349346,83.19950103759766,-0.000994230658947881,86.66000366210938,0.0,4373.2001953125,-9.824505308242415e-05
2023-10-18,19671.099609375,-0.007112043473065063,43888.69921875,-0.011796544557655627,31606.650390625,-0.005938358001831406,16535.400390625,0.0007653417443513159,10.970000267028809,0.025233688091272466,83.26429748535156,0.0007788081292052773,88.31999969482422,0.019155273050613264,4314.60009765625,-0.013399820506516447
2023-10-19,19624.69921875,-0.002361596586600212,43754.5,-0.0030624013004157766,31540.05078125,-0.0021093622575089187,16618.0,0.00498288436830773,10.899999618530273,-0.006381098158121934,83.26860046386719,5.1678554261247456e-05,89.37000274658203,0.01188862155101833,4278.0,-0.008482848196321058
2023-10-20,19542.650390625,-0.004189660467809165,43723.05078125,-0.0007190237912254774,31469.349609375,-0.002244147733791601,16497.849609375,-0.007256399534063018,10.819999694824219,-0.007339442798700024,83.12229919433594,-0.0017569800466952223,88.75,-0.006937481565711834,4224.16015625,-0.012585283719027562
2023-10-23,19281.75,-0.01344022395196905,43151.19921875,-0.013165231862780173,30848.400390625,-0.01992914604668294,16277.849609375,-0.013424781734932672,10.90999984741211,0.008317944096702945,83.15979766845703,0.0004511241205373828,85.48999786376953,-0.03673241843639963,4217.0400390625,-0.0016855698941634634
2023-10-25,19122.150390625,-0.008311683270009834,42832.0,-0.007424722225045077,30530.5,-0.010358713865327843,16210.4501953125,-0.0041491559213944,11.3100004196167,0.03666366432621637,82.98780059814453,-0.002068271870961258,85.38999938964844,-0.001169709634107674,4186.77001953125,-0.007178025167145274
2023-10-26,18857.25,-0.013949914095014037,42280.1484375,-0.012967814961403716,30225.650390625,-0.010035269376860223,15953.0498046875,-0.016006086774675132,11.729999542236328,0.03713519956119171,83.1709976196289,0.0022075174924984786,83.20999908447266,-0.025529925292868128,4137.22998046875,-0.011832519778109618
2023-10-27,19047.25,0.010025278863763394,42782.0,0.011799781563020518,30599.69921875,0.012299264887822091,16169.150390625,0.013455108607147229,10.90999984741211,-0.06990620007031012,83.28250122070312,0.0013406548468273272,85.54000091552734,0.028001464447672042,4117.3701171875,-0.004800280229768528
2023-10-30,19140.900390625,0.004904693073893485,43039.1484375,0.0059926769041118025,30641.0,0.0013488019581194995,16023.4501953125,-0.009051843435981184,11.489999771118164,0.05316223023079436,83.41339874267578,0.0015717289953356417,82.30999755859375,-0.037760151068075065,4166.81982421875,0.012010022325859904
2023-10-31,19079.599609375,-0.003207746304394414,42845.94921875,-0.004499023693386043,30582.25,-0.0019192061196711084,15916.2001953125,-0.00671581572050761,11.829999923706055,0.029590962520515518,83.29650115966797,-0.0014014245285512983,81.0199966430664,-0.01567246936933797,4193.7998046875,0.006474957307233353
2023-11-01,18989.150390625,-0.004751896973195711,42700.94921875,-0.0033899566555351656,30344.849609375,-0.0077929720468505985,15835.650390625,-0.005073718602091274,12.050000190734863,0.018596810519664553,83.2771987915039,-0.00023173083977512388,80.44000244140625,-0.0071586549702701285,4237.85986328125,0.010505999486313922
2023-11-02,19133.25,0.007559875254064636,43017.19921875,0.007378867618745069,30582.75,0.007809321266175694,15948.650390625,0.0071104585166733136,11.079999923706055,-0.08049794619709905,85.19400024414062,0.02301712209887974,82.45999908447266,0.025111842140206342,4317.77978515625,0.01885855702012762
2023-11-03,19230.599609375,0.005075080802081226,43318.25,0.006974006718013384,30779.94921875,0.006427354080997004,16045.400390625,0.006048017837793557,10.880000114440918,-0.01805052442619881,83.24729919433594,-0.022850212975397577,80.51000213623047,-0.023647792504152165,4358.33984375,0.009393730253031363
2023-11-06,19411.75,0.009375812778954773,43619.3984375,0.0069279454279152055,30972.94921875,0.0062507391000839446,16172.75,0.007905498675540542,11.109999656677246,0.021139663586129176,83.15850067138672,-0.0010666835297794552,80.81999969482422,0.0038504229334039852,4365.97998046875,0.0017529924220356374
2023-11-07,19406.69921875,-0.0002602258142791332,43737.8984375,0.002712997698476701,30981.599609375,0.0002792495739162431,16143.75,-0.0017947492942852466,11.1899995803833,0.007200713427382821,83.2228012084961,0.0007732286728385773,77.37000274658203,-0.042687416001848,4378.3798828125,0.0028401189192852616
2023-11-08,19443.5,0.0018944969651071763,43658.6484375,-0.0018135732944865352,30917.19921875,-0.0020808291947901642,16220.7998046875,0.004761379393012325,11.039999961853027,-0.013404792149700473,83.23269653320312,0.00011890160585004139,75.33000183105469,-0.026366819737737024,4382.77978515625,0.0010049156221052513
2023-11-09,19395.30078125,-0.0024820150223140987,43683.6015625,0.0005713872880284785,30717.69921875,-0.006473627823689579,16355.2998046875,0.008257634639611313,10.979999542236328,-0.005434820636233795,83.21769714355469,-0.00018021030524284498,75.73999786376953,0.005442665906664423,4347.35009765625,-0.008083839306732843
2023-11-10,19425.349609375,0.0015480850435944918,43820.1015625,0.0031198704933572217,30639.05078125,-0.0025636455834100952,16286.7001953125,-0.004203156079162202,11.109999656677246,0.011839719477296118,83.31939697265625,0.0012220937684219724,77.16999816894531,0.01888038480998988,4415.240234375,0.015616441094852496
2023-11-13,19443.55078125,0.0009365417093074231,43891.25,0.0016223317013714822,30635.849609375,-0.00010448558406476953,16365.2998046875,0.0048143918407756335,11.1899995803833,0.007200713427382821,83.29889678955078,-0.00024604334465117006,78.26000213623047,0.014124711586734229,4411.5498046875,-0.0008358389332403515
2023-11-15,19675.44921875,0.011856190289938534,44201.69921875,0.007048248621603333,31429.349609375,0.025571278204585057,16648.5,0.01715689462175622,11.140000343322754,-0.004468207232840138,82.98159790039062,-0.0038091607618980783,76.66000366210938,-0.020444651551834947,4502.8798828125,0.02070249281283343
2023-11-16,19765.19921875,0.004551150068331243,44161.55078125,-0.0009087135265565869,32273.349609375,0.02649964287307967,16788.900390625,0.00839785474447789,11.649999618530273,0.04578090300627413,83.18620300292969,0.0024656683857144923,72.9000015258789,-0.049047768805272285,4508.240234375,0.0011904273935798848
2023-11-17,19731.80078125,-0.0016911889743673853,43583.94921875,-0.013165573290044663,32191.349609375,-0.002544029374826,16905.5,0.006921035748182871,11.829999923706055,0.015450670478089679,83.12030029296875,-0.0007922312544860199,75.88999938964844,0.04101505900117308,4514.02001953125,0.0012820490603360213
2023-11-20,19694.0,-0.0019175662679732529,43584.94921875,2.2943963224710202e-05,32383.19921875,0.005941974890319936,16777.30078125,-0.007612183952732598,12.149999618530273,0.02704984758139961,83.29149627685547,0.0020596170043096773,77.5999984741211,0.022532601109836126,4547.3798828125,0.007390278097329839
2023-11-21,19783.400390625,0.004529201141300913,43689.1484375,0.0023878624026896504,32325.69921875,-0.0017771903562710666,16860.099609375,0.004923031767681419,12.229999542236328,0.006584356067307562,83.32219696044922,0.00036859325340610205,77.7699966430664,0.0021906980964954137,4538.18994140625,-0.0020209310950652926
2023-11-22,19811.849609375,0.0014370018446946907,43449.6015625,-0.005498070110800117,32564.400390625,0.007357123813890942,16972.19921875,0.006626804768884949,11.869999885559082,-0.029435786602770242,83.345703125,0.0002821116750191255,77.0999984741211,-0.008615124056393308,4556.6201171875,0.00406112922094648
2023-11-23,19802.0,-0.0004972811112830416,43577.5,0.0029392804605423597,32370.650390625,-0.005967519009916546,17033.55078125,0.0036083091280676755,11.319999694824219,-0.046335315588670545,83.54830169677734,0.0024308220361821675,77.0999984741211,0.0,4556.6201171875,0.0
2023-11-24,19794.69921875,-0.0003687570669664962,43769.1015625,0.004387162554432283,32055.150390625,-0.009794291053605214,17040.349609375,0.00039906369023131347,11.329999923706055,0.0008834124692078671,83.34400177001953,-0.00244529119812964,75.54000091552734,-0.020233431770006693,4559.33984375,0.0005968736678840791
2023-11-28,19889.69921875,0.004787784883390938,43880.94921875,0.002552142661924442,32118.5,0.0019743190411365126,17202.75,0.009485216587497396,12.180000305175781,0.07502209948750727,83.364501953125,0.00024597070779064367,76.41000366210938,0.011517113264996048,4554.89013671875,-0.0009759542354250694
2023-11-29,20096.599609375,0.010348656573869122,44566.44921875,0.015501048944210703,32608.400390625,0.015137747760091802,17482.44921875,0.016128221140963784,12.710000038146973,0.04351393429325068,83.41809844970703,0.0006429174927737868,77.86000061035156,0.018976532898155263,4550.580078125,-0.0009462486392383118
2023-11-30,20133.150390625,0.0018171025823992028,44481.75,-0.0019023235738802606,32582.19921875,-0.0008038328667880939,17551.849609375,0.003961859304966489,12.6899995803833,-0.001573600134039621,83.3302993774414,-0.0010525182651887066,75.95999908447266,-0.02440279361655051,4567.7998046875,0.0037840728581564065
2023-12-01,20267.900390625,0.00667064331563437,44814.19921875,0.007446043357425682,32598.69921875,0.0005062833053234932,17489.05078125,-0.003584319732548103,12.380000114440918,-0.024428642726008643,83.35269927978516,0.0002688086147668578,74.06999969482422,-0.024881508852397816,4594.6298828125,0.005873742123607695
2023-12-04,20686.80078125,0.020457480483773903,46431.3984375,0.035450884792819264,32665.55078125,0.0020486433501033874,17687.25,0.011269025554268439,12.989999771118164,0.049272992814087146,83.21859741210938,-0.0016088485296157362,73.04000091552734,-0.013905748393959416,4569.77978515625,-0.005408509126972105
2023-12-05,20855.099609375,0.008102650447744338,47012.25,0.01243228520385516,32479.150390625,-0.005722672634105723,17792.099609375,0.005910475573056882,13.460000038146973,0.036181699408017076,83.41709899902344,0.00238530320249275,72.31999969482422,-0.009857628856492329,4567.18017578125,-0.0005688697261614362
2023-12-06,20937.69921875,0.003952820545223537,46834.55078125,-0.003787010950670952,33022.6015625,0.016593865838452605,17788.400390625,-0.0002079351759153979,13.739999771118164,0.02080235751691273,83.31590270996094,-0.0012131360389754375,69.37999725341797,-0.04065268879718564,4549.33984375,-0.003906202808869552
2023-12-07,20901.150390625,-0.0017471243957791426,46841.3984375,0.00014619881238039066,32961.6015625,-0.0018489279096692865,17867.349609375,0.004428421658340126,12.670000076293945,-0.07787479713597856,83.28959655761719,-0.00031573987063826525,69.33999633789062,-0.0005765482431663305,4585.58984375,0.007968189065892917
2023-12-08,20969.400390625,0.0032600507599202964,47262.0,0.00893919603986232,33392.8984375,0.012999960787705489,17769.099609375,-0.005514031340999306,12.470000267028809,-0.015785304503615927,83.35489654541016,0.0007840113350505717,71.2300033569336,0.027257097185772183,4604.3701171875,0.00409549786994079
2023-12-11,20997.099609375,0.001320063516009915,47314.25,0.0011049286753463932,33514.25,0.0036274657761107654,17852.30078125,0.0046714234850543995,12.760000228881836,0.023255810396395793,83.43009948730469,0.0009022018502964357,71.31999969482422,0.0012634610929280754,4622.43994140625,0.003924494286698943
2023-12-12,20906.400390625,-0.004328963470418101,47097.55078125,-0.004590519352373194,33493.8984375,-0.0006074354716652686,17726.5,-0.007071700155758792,12.710000038146973,-0.00391851017539091,83.34349822998047,-0.0010380097573465807,68.61000061035156,-0.03799774391571298,4643.7001953125,0.00459935752021523
2023-12-13,20926.349609375,0.0009537608817135473,47092.25,-0.00011255531303025591,33066.6484375,-0.01283811171089677,17917.900390625,0.010739539908891422,12.069999694824219,-0.05035407878850495,83.39600372314453,0.0006299890726830792,69.47000122070312,0.012534624729646282,4707.08984375,0.013650676351045998
2023-12-14,21182.69921875,0.012175662163725103,47732.30078125,0.013499889987558984,34223.3515625,0.03438303095849925,18045.05078125,0.007071217255367386,12.319999694824219,0.020712510879946633,83.2853012084961,-0.0013274318876950186,71.58000183105469,0.030372831053337546,4719.5498046875,0.0026470624846992585
2023-12-15,21456.650390625,0.012849864921501506,48143.55078125,0.00857885516565085,35782.44921875,0.0445493226150493,18038.25,-0.0003769489588414376,13.130000114440918,0.06574678893514818,83.29660034179688,0.00013566779655982408,71.43000030517578,-0.002095578681779675,4719.18994140625,-7.62494933082003e-05
2023-12-18,21418.650390625,-0.0017725827811074615,47867.69921875,-0.005746249976686683,35685.55078125,-0.0027116610755965167,18068.25,0.0016617510367130236,13.899999618530273,0.0586442876906359,83.04170227050781,-0.0030601257463463982,72.47000122070312,0.014559721560745809,4740.56005859375,0.004528344366900416
2023-12-19,21453.099609375,0.001607082806947435,47870.8984375,6.683237125910439e-05,35345.0,-0.009588927212317829,17932.69921875,-0.0075304359886474905,13.869999885559082,-0.002158254229820189,83.11119842529297,0.0008368825889282228,73.44000244140625,0.013384865521790745,4768.3701171875,0.005866407818910568
2023-12-20,21150.150390625,-0.014222122733049722,47445.30078125,-0.00893028652393494,34741.05078125,-0.017234932253861152,17523.55078125,-0.023080083189115305,14.449999809265137,0.04181686578886912,83.09159851074219,-0.00023582760111917622,74.22000122070312,0.010620898057828843,4698.35009765625,-0.014684266911006771
2023-12-21,21255.05078125,0.004947534816775346,47840.1484375,0.008287727445082323,34846.05078125,0.0030178029355945853,17537.849609375,0.0008156450545852595,13.760000228881836,-0.0477508366429793,83.26719665527344,0.0021133080561515083,73.88999938964844,-0.004446265502925373,4746.75,0.010301467821202559
2023-12-22,21349.400390625,0.004429103580375731,47491.8515625,-0.007307062155857616,35637.80078125,0.022467083919568073,17778.900390625,0.01365100268589869,13.710000038146973,-0.003633734731334881,83.13159942626953,-0.0016284591585961072,73.55999755859375,-0.004466123071871553,4754.6298828125,0.0016600585268868873
2023-12-26,21441.349609375,0.004297627887901326,47724.8515625,0.004894109067561939,35493.44921875,-0.004058743819724313,17953.55078125,0.009775527606301463,14.680000305175781,0.07075129572063177,83.17230224609375,0.0004896191112060411,75.56999969482422,0.027324662900232166,4774.75,0.0042316894655107795
2023-12-27,21654.75,0.009903547502138933,48282.19921875,0.011610687193216155,35741.0,0.006950338789863406,18224.849609375,0.014998115491650166,15.5600004196167,0.059945510636716604,83.18280029296875,0.0001262204675294143,74.11000061035156,-0.019319823876784437,4781.580078125,0.0014304577464787638
2023-12-28,21778.69921875,0.0057075621422148105,48508.55078125,0.0046771406385845435,35691.6484375,-0.0013817651012987687,18408.599609375,0.010031899531763408,15.140000343322754,-0.02699229209302889,83.26719665527344,0.0010145890978356942,71.7699966430664,-0.0315747395495003,4783.35009765625,0.0003701746080437829
2023-12-29,21731.400390625,-0.0021741548367498844,48292.25,-0.004468994873993824,35515.0,-0.0049615816432858175,18618.19921875,0.011321629461082594,14.5,-0.04227214853433048,82.302001953125,-0.011591535933944686,71.6500015258789,-0.0016719398467338609,4769.830078125,-0.0028264750133749628
2024-01-01,21741.900390625,0.0004830551173010514,48234.30078125,-0.0012006898670445375,35695.8984375,0.005080650029609985,18618.19921875,0.0,14.5,0.0,83.24859619140625,0.01150147281739744,71.6500015258789,0.0,4769.830078125,0.0
2024-01-02,21665.80078125,-0.0035062758581720864,47761.6484375,-0.009847418918832469,35283.1015625,-0.011631652435619375,18339.349609375,-0.015090551724534376,14.579999923706055,0.005517236117658975,83.20259857177734,-0.0005525332766350699,70.37999725341797,-0.01772511158987533,4742.830078125,-0.005660579005492328
2024-01-03,21517.349609375,-0.006875448193459907,47704.94921875,-0.0011878337933608964,34395.44921875,-0.02547987456814158,18317.5,-0.0011921161908593006,14.100000381469727,-0.032921779475175605,83.25700378417969,0.0006538883801257,72.69999694824219,0.03296390715206443,4704.81005859375,-0.008016314922730805
2024-01-04,21658.599609375,0.006543017882762483,48195.8515625,0.010237800466125754,34409.3984375,0.0004054719810092464,18326.75,0.0005048541147093929,13.329999923706055,-0.05460996006607277,83.31809997558594,0.0007338264485787782,72.19000244140625,-0.007015055409136051,4688.68017578125,-0.0034283812973570083
2024-01-05,21710.80078125,0.0024072823978970102,48159.0,-0.0007649135191266647,34851.75,0.012773613697194276,18406.94921875,0.004366527079088612,12.630000114440918,-0.052513114273936234,83.2406005859375,-0.0009301627097970666,73.80999755859375,0.022440712874367774,4697.240234375,0.0018256861788026324
2024-01-08,21513.0,-0.009152465005292239,47450.25,-0.0148262429194308,34514.6484375,-0.009719524839050066,18350.19921875,-0.003087837196503667,13.460000038146973,0.06571654126566862,83.19110107421875,-0.0005946558694953641,70.7699966430664,-0.041186844818875024,4763.5400390625,0.014114629309846638
2024-01-09,21544.849609375,0.001479387172036867,47242.6484375,-0.0043847405357086006,34662.44921875,0.0042731196062132755,18519.80078125,0.009200041158956836,13.260000228881836,-0.01485882679779471,83.05069732666016,-0.0016877255589312634,72.23999786376953,0.020771531587279624,4756.5,-0.0014779006799081618
2024-01-10,21618.69921875,0.003421854015216792,47360.8515625,0.0024989178309646905,34834.3515625,0.0049470678478662185,18559.099609375,0.0021197415471397637,12.970000267028809,-0.02187028332181873,83.131103515625,0.0009681579029805487,71.37000274658203,-0.012043122133366335,4783.4501953125,0.00566597189372442
2024-01-11,21647.19921875,0.001317434984659037,47438.3515625,0.0016350352051615789,34735.25,-0.0028489922985371983,18755.099609375,0.010505480848085122,12.770000457763672,-0.01542018543928314,83.02559661865234,-0.001269162714203853,72.0199966430664,0.009107382254031071,4780.240234375,-0.0006710555783868699
2024-01-12,21894.55078125,0.011361703346499745,47709.80078125,0.005705837654604986,36521.69921875,0.05015156161735389,18715.19921875,-0.002129708433297073,13.100000381469727,0.025841809857213294,83.07610321044922,0.0006083255508402274,72.68000030517578,0.009164172353136602,4783.830078125,0.0007509755941104146
2024-01-15,22097.44921875,0.009224398809286917,48158.30078125,0.009356673695781043,37201.94921875,0.0184545751721777,18765.25,0.0026707690032705404,13.789999961853027,0.05267172215959026,82.87210083007812,-0.002455608441988555,72.68000030517578,0.0,4783.830078125,0.0
2024-01-16,22032.30078125,-0.002952587985615914,48125.1015625,-0.0006896146014280258,36727.1015625,-0.012846213534910165,18712.69921875,-0.002804359191770755,13.569999694824219,-0.01595360896572806,82.8593978881836,-0.00015328369580702716,72.4000015258789,-0.0038524873159216932,4765.97998046875,-0.0037313402367431525
2024-01-17,21571.94921875,-0.021115770473744744,46064.44921875,-0.043762417116141934,36960.3984375,0.0063320822258272225,18447.25,-0.014287088094916611,15.079999923706055,0.11127489040827099,83.08899688720703,0.002770946988213341,72.55999755859375,0.0022098899080500445,4739.2099609375,-0.005616897183990499
2024-01-18,21462.25,-0.0050982455047793645,45713.55078125,-0.007646715930118124,36730.5,-0.006239554361313854,18496.25,0.002652700947862988,14.069999694824219,-0.06697614283764652,83.17759704589844,0.0010663284190526312,74.08000183105469,0.02094824040248211,4780.93994140625,0.008805260963896
2024-01-19,21622.400390625,0.007434254509367264,45701.1484375,-0.00027134244125044915,37069.25,0.00918031237499276,18694.599609375,0.010666682375286349,13.880000114440918,-0.013503879495689985,83.16059875488281,-0.0002043614100349922,73.41000366210938,-0.009044251517073332,4839.81005859375,0.012313502764936146
2024-01-23,21238.80078125,-0.017900098054810153,45015.05078125,-0.015126531851827359,36521.3515625,-0.014890721091710052,18361.0,-0.018005841269843226,14.850000381469727,0.06988474488696927,83.09510040283203,-0.0007876128001896854,74.37000274658203,0.013077224309800073,4864.60009765625,0.00512210990976425
2024-01-24,21453.94921875,0.010079006802925212,45082.3984375,0.001494996126473156,37090.1484375,0.01545432971026754,18593.69921875,0.012593921709686935,14.380000114440918,-0.03164984881854205,83.22139739990234,0.001519909073556036,75.08999633789062,0.009681236583545472,4868.5498046875,0.0008119284117831249
2024-01-25,21352.599609375,-0.004735247364061254,44866.1484375,-0.004808313733847838,36496.19921875,-0.016143269409716252,18614.900390625,0.0011395846332294688,13.869999885559082,-0.03546594053011687,83.09760284423828,-0.0014875327683959716,77.36000061035156,0.030230448570623958,4894.16015625,0.005260365527706368
2024-01-29,21737.599609375,0.01786996821930258,45442.3515625,0.01276094596054244,36531.8984375,0.0009776845553798761,18927.25,0.016640326330319005,15.680000305175781,0.13049750789841053,83.12129974365234,0.00028516947063428333,76.77999877929688,-0.007497438294708059,4927.93017578125,0.006900064250681348
2024-01-30,21522.099609375,-0.009963166019046519,45367.75,-0.0016430238045943679,36381.94921875,-0.0041130576691227804,18878.349609375,-0.0025869404745032737,16.100000381469727,0.026785718630076172,83.1530990600586,0.000382565196938911,77.81999969482422,0.013545206200338944,4924.97021484375,-0.0006006499345398986
2024-01-31,21725.69921875,0.009415559590485083,45996.80078125,0.013770345632241544,36638.3984375,0.007024077024120809,19227.150390625,0.01830762086640872,16.049999237060547,-0.003105661069842447,83.10970306396484,-0.0005218806825516564,75.8499984741211,-0.025314844878290943,4845.64990234375,-0.016105744611597972
2024-02-01,21697.44921875,-0.00130114950214822,46188.6484375,0.004162217244493407,36534.55078125,-0.0028384184888132257,19328.69921875,0.005267634559645155,14.460000038146973,-0.09906537535791016,83.05359649658203,-0.0006750904565214766,73.81999969482422,-0.02676333315932078,4906.18994140625,0.012493688211609788
2024-02-02,21853.80078125,0.007180149098767169,45970.94921875,-0.004724404819613506,37323.25,0.02135804726573907,19380.5,0.0026764083585769836,14.699999809265137,0.016597494501038756,82.92759704589844,-0.0015170860263562513,72.27999877929688,-0.020861567622511346,4958.60986328125,0.01068444607751462
2024-02-05,21771.69921875,-0.0037639297855089193,45825.55078125,-0.0031678453773811275,37162.1484375,-0.004325728722393439,19615.30078125,0.012042507867284643,15.619999885559082,0.06258504001572063,82.99929809570312,0.0008646223013673016,72.77999877929688,0.0069175430055929965,4942.81005859375,-0.0031863375266721894
2024-02-06,21929.400390625,0.007217294659854949,45690.80078125,-0.0029448310619688512,38246.30078125,0.028756115856172083,19903.849609375,0.014603246938440631,15.789999961853027,0.010883487678582604,83.10369873046875,0.0012578496103092807,73.30999755859375,0.007282203739850113,4954.22998046875,0.0023104108269635937
2024-02-07,21930.5,5.014190025218764e-05,45818.5,0.002790957870991246,37767.75,-0.012591280132596628,19903.80078125,-2.4532030663065768e-06,15.510000228881836,-0.017732725373504787,83.07060241699219,-0.0003982531942881007,73.86000061035156,0.007502429001149835,4995.06005859375,0.008241457963390042
2024-02-08,21717.94921875,-0.009739290405751649,45012.0,-0.017758818805579425,37851.6015625,0.002217728534688558,19649.5,-0.01285881482715945,15.829999923706055,0.020631830438553767,83.01260375976562,-0.0006981851044660647,76.22000122070312,0.031952350268743546,4997.91015625,0.0005705832608251526
2024-02-09,21782.5,0.0029678235415700974,45634.55078125,0.013736001299759727,37699.25,-0.004033092039586375,19576.0,-0.00374756655854187,15.449999809265137,-0.024005061040578535,82.98529815673828,-0.0003289332196634298,76.83999633789062,0.008134283747808446,5026.60986328125,0.0057423415255595245
2024-02-12,21616.05078125,-0.007670764664605448,44882.25,-0.016622728539881292,37998.0,0.00789332640547372,19419.599609375,-0.00802148092665465,16.059999465942383,0.039482178913130994,83.0145034790039,0.00035193369083841297,76.91999816894531,0.0010411482934342686,5021.83984375,-0.0009489536011326738
2024-02-13,21743.25,0.005867234081485647,45502.3984375,0.013722643832086906,38204.0,0.005406695410142807,19433.05078125,0.0006924198106017306,15.8100004196167,-0.01556656629135289,82.99019622802734,-0.000292807280148466,77.87000274658203,0.012350553825419386,4953.169921875,-0.013674255653625456
2024-02-14,21840.05078125,0.004442111482625561,45908.30078125,0.008880908143721852,37775.3984375,-0.011282166418751387,19716.0,0.014455223818813768,15.4399995803833,-0.023402962012215367,83.07460021972656,0.001017035692593149,76.63999938964844,-0.015795599249386005,5000.6201171875,0.009579763275017639
2024-02-15,21910.75,0.003231907943473083,46218.8984375,0.006742825911957405,37999.55078125,0.005916282356718469,19981.69921875,0.013386326744555001,15.229999542236328,-0.013601039109727653,83.04309844970703,-0.0003791985749701521,78.02999877929688,0.018136735395592574,5029.72998046875,0.005821250684729495
2024-02-16,22040.69921875,0.005913324803860001,46384.8515625,0.0035841594461462744,38477.05078125,0.012487641850921981,20423.44921875,0.021866896633288002,15.220000267028809,-0.0006565512480672941,83.00959777832031,-0.0004034130711898509,79.19000244140625,0.014866124314449669,5005.56982421875,-0.0048034698371121065
2024-02-19,22122.25,0.0036931806134258504,46535.5,0.0032425311992474314,38363.19921875,-0.0029633335605792105,20423.44921875,0.0,15.220000267028809,0.0,83.01599884033203,7.711231210660863e-05,79.19000244140625,0.0,5005.56982421875,0.0
2024-02-20,22196.94921875,0.003370967472487328,47094.19921875,0.01193437241933096,38029.69921875,-0.008731233543973505,20354.25,-0.0033939769286497985,16.06999969482422,0.0558475304127799,83.02100372314453,6.028817194780878e-05,78.18000030517578,-0.01275416220599035,4975.509765625,-0.006005322001165325
2024-02-21,22055.05078125,-0.006413220819374543,47019.69921875,-0.0015831883876443534,37405.8984375,-0.016539008638987544,20252.55078125,-0.005008985166465764,15.930000305175781,-0.008711847685568319,82.8291015625,-0.002311489286307311,77.91000366210938,-0.003453525735641727,4981.7998046875,0.001264199922982101
2024-02-22,22217.44921875,0.007336344949249518,46919.80078125,-0.002126868360127916,38130.1484375,0.019176862576129557,20584.849609375,0.01627459923376157,15.199999809265137,-0.04582551675617119,82.93840026855469,0.001319568895386647,78.61000061035156,0.008984686373241901,5087.02978515625,0.02112288421741404
2024-02-23,22212.69921875,-0.000213818777795819,46811.75,-0.0023055380650685965,38045.6484375,-0.00221855334963125,20621.349609375,0.0017715785604236495,14.970000267028809,-0.015131549021213275,82.87229919433594,-0.0007969899829839422,76.48999786376953,-0.02696861379114235,5088.7998046875,0.0003479475462115911
2024-02-26,22122.05078125,-0.004089278221713085,46576.5,-0.005038117699070188,37598.6484375,-0.011818609505725665,20642.400390625,0.0010203039266275331,15.600000381469727,0.042084175230676646,82.88179779052734,0.00011461726395611826,77.58000183105469,0.014250281052778702,5069.52978515625,-0.003786751350190576
2024-02-27,22198.349609375,0.003443060208267885,46588.05078125,0.00024796515868591565,37870.25,0.007197739484856212,20788.55078125,0.007055160101987304,15.729999542236328,0.008333279332545462,82.85199737548828,-0.0003595531930229434,78.87000274658203,0.016628008315036746,5078.18017578125,0.0017063496993998672
2024-02-28,21951.150390625,-0.011198396451173726,45963.1484375,-0.01350413275056828,37741.75,-0.0033989346588040575,20372.349609375,-0.020223821804409767,16.329999923706055,0.03814369986843791,82.94819641113281,0.0011610949487259603,78.54000091552734,-0.0041841234888125856,5069.759765625,-0.001658155060430544
2024-02-29,21982.80078125,0.0014408171929075416,46120.8984375,0.0034262211462736548,37720.3984375,-0.0005658880249736854,20412.400390625,0.0019640083180152263,15.569999694824219,-0.04654012446004685,82.91190338134766,-0.0004375385042161284,78.26000213623047,-0.003565046804596128,5096.27001953125,0.005229094697149161
2024-03-01,22338.75,0.0160624736924449,47286.8984375,0.024967092850485924,37516.05078125,-0.005432158504779798,20871.94921875,0.02226353638482218,15.239999771118164,-0.021194600524992557,82.910400390625,-1.8127562646186313e-05,79.97000122070312,0.02185023048550372,5137.080078125,0.00800782894888763
2024-03-04,22405.599609375,0.0029880715530739466,47456.1015625,0.0035718376004859756,37314.80078125,-0.00537881050408093,20840.19921875,-0.0015223385666327273,14.920000076293945,-0.020997355618775027,82.84609985351562,-0.0007755424748454587,78.73999786376953,-0.01538080953055132,5130.9501953125,-0.0011932620709189656
2024-03-05,22356.30078125,-0.0022027147028049303,47581.0,0.002628415794512669,36720.75,-0.016048061350523394,21121.19921875,0.013393462136430436,14.380000114440918,-0.03619302674877467,82.9104995727539,0.0007773415930520944,78.1500015258789,-0.007492968680433476,5078.64990234375,-0.010193100883444606
2024-03-06,22474.05078125,0.0052531495595052715,47965.3984375,0.008046363185644305,37001.80078125,0.007624590843096478,21181.30078125,0.0028415154158444116,14.300000190734863,-0.005563276986744636,82.88480377197266,-0.0003099221559834664,79.12999725341797,0.012539932289246991,5104.759765625,0.005141103203274655
2024-03-07,22493.55078125,0.0008672911404987264,47835.80078125,-0.0027055555955823565,37099.8984375,0.00264765085254615,21126.80078125,-0.0025763401397214127,13.609999656677246,-0.0482517849548475,82.81909942626953,-0.000792718842453799,78.93000030517578,-0.002527447936105487,5157.35986328125,0.010304127925951478
2024-03-11,22332.650390625,-0.007178885448103384,47327.8515625,-0.010675379311589062,36988.30078125,-0.0030125645332877878,21001.150390625,-0.005965196964029122,14.0,0.028655426389479377,82.7520980834961,-0.0008090083475622567,77.93000030517578,-0.012669453897549587,5117.93994140625,-0.0076434305381047896
2024-03-12,22335.69921875,0.00013650954899359894,47282.3984375,-0.000960849981835664,37224.25,0.006358763074274312,20931.849609375,-0.0033053129679782474,13.640000343322754,-0.02571426119123188,82.7782974243164,0.00031660032104419145,77.55999755859375,-0.0047478858608122065,5175.27001953125,0.011201787981366396
2024-03-13,21997.69921875,-0.015248393356596964,46981.30078125,-0.006388433358332902,36946.44921875,-0.007490884761845875,20338.25,-0.028768554206810834,14.430000305175781,0.05791788430854106,82.83509826660156,0.0006861803643289921,79.72000122070312,0.027849455003883472,5165.31005859375,-0.0019245297153407392
2024-03-14,22146.650390625,0.006748394232673185,46789.94921875,-0.004081247250199425,37679.6015625,0.01964932955353381,20514.25,0.008616417056030782,13.619999885559082,-0.05613308402538053,82.83110046386719,-4.8262183760638955e-05,81.26000213623047,0.019317622829230663,5150.47998046875,-0.0028710915621273925
2024-03-15,22023.349609375,-0.005583024746448362,46594.1015625,-0.0041944623680132565,37500.69921875,-0.004759296772756958,20192.30078125,-0.01581838430204151,13.6899995803833,0.005139478370953299,82.9655990600586,0.0016237692779426105,81.04000091552734,-0.002707374045281208,5117.08984375,-0.006482917484461503
2024-03-18,22055.69921875,0.001467800056624233,46575.8984375,-0.00039075078311927785,36886.05078125,-0.016526126668235448,20446.599609375,0.012515208084697058,13.899999618530273,0.015339667244978372,82.88890075683594,-0.0009244591022253834,82.72000122070312,0.02073050698662926,5149.419921875,0.006318059504952345
2024-03-19,21817.44921875,-0.010860963960358783,46384.80078125,-0.004111370225024453,35814.6484375,-0.029476468018081285,20354.099609375,-0.004534243787463771,14.109999656677246,0.015107916828071,82.86360168457031,-0.00030521664583105235,83.47000122070312,0.009066731007401074,5178.509765625,0.0056491496501236416
2024-03-20,21839.099609375,0.0009918508439663014,46310.8984375,-0.0015945153881094633,35748.8984375,-0.001837528221324937,20406.44921875,0.002568642457635712,13.470000267028809,-0.04535786004399878,83.04239654541016,0.0021577008144111343,81.68000030517578,-0.021444841132737036,5224.6201171875,0.008904173912846591
2024-03-21,22011.94921875,0.007883528864675105,46684.8984375,0.008043417636968767,36026.80078125,0.0077436718962550465,20700.25,0.014294788430032105,12.510000228881836,-0.07126948916970799,83.05460357666016,0.00014699757904179656,81.06999969482422,-0.007468175906861663,5241.52978515625,0.0032365354015160275
2024-03-22,22096.75,0.0038450866714008036,46863.75,0.0038237170370743288,35188.3984375,-0.02354668919084901,21046.400390625,0.01658376519199654,12.220000267028809,-0.02318145136268701,83.22660064697266,0.0020708914726652594,80.62999725341797,-0.005427438547706553,5234.18017578125,-0.0014021878490156903
2024-03-26,22004.69921875,-0.004174507484794188,46600.19921875,-0.005639639283031869,34969.1015625,-0.00625157935266722,21038.30078125,-0.0003849194243735457,12.819999694824219,0.04909978843570806,83.41739654541016,0.0022924869807767756,81.62000274658203,0.012278376868257945,5203.580078125,-0.005846206402644993
2024-03-27,22123.650390625,0.005391158338500764,46785.94921875,0.003978111273917317,34744.3515625,-0.00644784524605639,21146.19921875,0.0051155601132649485,12.699999809265137,-0.009360365711048257,83.34549713134766,-0.0008619234960582922,81.3499984741211,-0.003308064976415892,5248.490234375,0.008630626525532925
2024-03-28,22326.900390625,0.009145057280234776,47124.6015625,0.007212263348418653,34898.1484375,0.004416760599331684,21419.099609375,0.01282284571895422,12.829999923706055,0.010236229637269556,83.36499786376953,0.00023397463681984476,83.16999816894531,0.022372461327128335,5254.35009765625,0.0011164855071790214
2024-04-01,22462.0,0.006032745520934439,47578.25,0.00958053321340379,35042.80078125,0.004136419411387742,21385.25,-0.0015815970451599486,12.079999923706055,-0.05845674235852649,83.36479949951172,-2.379466957358467e-06,83.70999908447266,0.006492736893301654,5243.77001953125,-0.0020135845401164643
2024-04-02,22453.30078125,-0.00038736104211539534,47545.44921875,-0.0006896448060667522,34793.94921875,-0.007126695207290684,21614.25,0.01065138734353823,11.649999618530273,-0.03559605197777682,83.40969848632812,0.0005385844755336766,85.1500015258789,0.017202275201952055,5205.81005859375,-0.0072390590731691296
2024-04-03,22434.650390625,-0.0008309754048160305,47624.25,0.0016560060587600706,35047.3984375,0.007257887765104519,21555.349609375,-0.002728791914085574,11.369999885559082,-0.02403431263000466,83.35030364990234,-0.0007120854948962085,85.43000030517578,0.0032883003438559655,5211.490234375,0.001091122364688113
2024-04-04,22514.650390625,0.0035595696965144527,48060.80078125,0.009124806993208444,35426.69921875,0.010764364677844541,21651.849609375,0.004466855625848029,11.220000267028809,-0.013192578719441017,83.37329864501953,0.0002758837593894725,86.58999633789062,0.013578321767190316,5147.2099609375,-0.012334336350379616
2024-04-05,22513.69921875,-4.22476898839797e-05,48493.05078125,0.008953612532067159,35247.8984375,-0.005059842394605143,21600.900390625,-0.002355884530570947,11.34000015258789,0.010695176711511767,83.47779846191406,0.0012533966940597718,86.91000366210938,0.003695661597790334,5204.33984375,0.011099194174331695
2024-04-08,22666.30078125,0.006755296273493474,48581.69921875,0.001826395888574812,35064.1484375,-0.005226712248651516,22067.94921875,0.021391295708980337,11.609999656677246,0.023809479758052587,83.29679870605469,-0.0021682382524972343,86.43000030517578,-0.005522993173487367,5202.39013671875,-0.00037463099831791524
2024-04-09,22642.75,-0.0010395619844089984,48730.55078125,0.003059258800255826,35079.3515625,0.00043348635976438307,21999.349609375,-0.0031134045703835587,11.359999656677246,-0.021533161704808346,83.26959991455078,-0.000326528653278646,85.2300033569336,-0.01388403267389926,5209.91015625,0.0014454931932483817
2024-04-10,22753.80078125,0.004892486360835239,48986.6015625,0.005240663714303768,35293.1484375,0.006076167047578542,21985.150390625,-0.000645646500165115,11.109999656677246,-0.022007042918619546,83.22429656982422,-0.0005440562314824593,86.20999908447266,0.011498248139624634,5160.64013671875,-0.009456980649108493
2024-04-12,22519.400390625,-0.01035502147176367,48564.55078125,-0.008652966253831182,35018.1015625,-0.007823734551318226,21851.30078125,-0.0061067911186479355,11.529999732971191,0.03780378841339749,83.34929656982422,0.0015019652331351718,85.66000366210938,-0.006379717297344656,5123.41015625,-0.007214217516128052
2024-04-15,22272.5,-0.011024443666037696,47773.25,-0.01642799754713553,34463.6015625,-0.015961375363575492,21680.30078125,-0.007856401943175273,12.470000267028809,0.08152650093907554,83.61109924316406,0.00314103038794733,85.41000366210938,-0.0029185149347662476,5061.81982421875,-0.01202135494776202
2024-04-16,22147.900390625,-0.005610032105390299,47484.80078125,-0.006056183136507173,33574.94921875,-0.02612350999439806,21703.05078125,0.0010487895133029104,12.619999885559082,0.012028838437708744,83.50599670410156,-0.001257040512729457,85.36000061035156,-0.0005854472498986185,5051.41015625,-0.0020565070133361507
2024-04-18,21995.849609375,-0.006888920065700564,47069.44921875,-0.008785522260211872,33498.6484375,-0.002275137068200484,21520.75,-0.008435253674996304,13.039999961853027,0.033280513478811224,83.5958023071289,0.0010754389693181654,82.7300033569336,-0.030810651764440533,5011.1201171875,-0.007975998348233482
2024-04-19,22147.0,0.006848265696137249,47574.1484375,0.010665359630509439,33368.30078125,-0.0038987219509873175,21609.69921875,0.004124665820455892,13.460000038146973,0.03220859490204031,83.54499816894531,-0.0006077355175914123,83.13999938964844,0.004955832419659689,4967.22998046875,-0.00875854812743615
2024-04-22,22336.400390625,0.008515605079627573,47924.8984375,0.007345656080200329,33538.80078125,0.005096629956719273,21812.69921875,0.009350081350898288,12.699999809265137,-0.056463612684095055,83.38529968261719,-0.0019115266003738585,82.8499984741211,-0.003488103411791066,5010.60009765625,0.008731248071466746
2024-04-23,22368.0,0.0014137138340638612,47970.44921875,0.0009500103141427059,33714.55078125,0.005226517221499023,21914.30078125,0.004647094259588822,10.199999809265137,-0.19685039665718373,83.38619995117188,1.0796490006237391e-05,83.36000061035156,0.00615572897553851,5070.5498046875,0.011964576270872662
2024-04-24,22402.400390625,0.001536747364098986,48189.0,0.004545599196794767,33442.55078125,-0.00810045344413033,21896.900390625,-0.0007943352875289641,10.279999732971191,0.007843129921766057,83.2833023071289,-0.0012339888866889082,82.80999755859375,-0.006597925236693336,5071.6298828125,0.0002130100613548791
2024-04-25,22570.349609375,0.007468967297299811,48494.94921875,0.006328873457183694,33554.44921875,0.0033404045419853185,22174.05078125,0.012577629342540175,10.729999542236328,0.043774301649235126,83.3405990600586,0.0006879740757443908,83.56999969482422,0.009177661618607225,5048.419921875,-0.004576430353515626
2024-04-26,22419.94921875,-0.006685928069119567,48201.05078125,-0.0060788314411224925,33666.25,0.0033263826659741262,22111.55078125,-0.002822589703637424,10.930000305175781,0.018639400882748625,83.30180358886719,-0.0004655050675055339,83.8499984741211,0.00335047002895017,5099.9599609375,0.01020914263474304
2024-04-29,22643.400390625,0.009917283345523465,49424.05078125,0.025056342377252933,33579.3984375,-0.0025831146791206534,22078.75,-0.0014845242822069768,12.239999771118164,0.1198535616986256,83.40229797363281,0.0012063890628539742,82.62999725341797,-0.014549806116927466,5116.169921875,0.0031784486665891176
2024-04-30,22604.849609375,-0.0017039682453004383,49396.75,-0.000552531081082572,33200.94921875,-0.011334270739884137,22479.900390625,0.018005986506137564,12.869999885559082,0.051470598547516566,83.45110321044922,0.0005851785622481565,81.93000030517578,-0.008471462804184426,5035.68994140625,-0.01573051358686217
2024-05-02,22648.19921875,0.0019158763335262374,49231.05078125,-0.003360094686002236,33203.3515625,7.235506504198498e-05,22733.5,0.011218013539077734,13.449999809265137,0.045066039538729896,83.40640258789062,-0.0005356504688244224,78.94999694824219,-0.03637255395866679,5064.2001953125,0.00566163807501785
2024-05-03,22475.849609375,-0.0076389620148829334,48923.55078125,-0.006265646258022191,32908.3984375,-0.008922924653381339,22541.349609375,-0.0084882245212841,14.619999885559082,0.0869888544896471,83.40630340576172,-1.1891428695065542e-06,78.11000061035156,-0.01063959937124892,5127.7900390625,0.012556739721478527
2024-05-06,22442.69921875,-0.0014760226012829026,48895.30078125,-0.0005775982918250629,33217.1484375,0.00933836492252826,22526.599609375,-0.0006545671938633664,16.600000381469727,0.13543095153279672,83.37999725341797,-0.000315397653049998,78.4800033569336,0.004736944612608207,5180.740234375,0.01032612390701182
2024-05-07,22302.5,-0.0062665796554610105,48285.3515625,-0.012553058939861368,33473.0,0.007672881939080807,22114.0,-0.018485923697373986,17.010000228881836,0.02469878542110071,83.4728012084961,0.0011130242040673366,78.37999725341797,-0.0012742877069052971,5187.7001953125,0.0013434298232750663
2024-05-08,22302.5,0.0,48021.1015625,-0.005487704189704092,33335.1484375,-0.004126794750740501,22458.650390625,0.015464965920039118,17.079999923706055,0.004115208341112453,83.46990203857422,-3.4731911232155355e-05,78.98999786376953,0.007782605661228903,5187.669921875,-5.835618166138978e-06
2024-05-09,21957.5,-0.015590012996666094,47487.8984375,-0.011165621346124508,33205.8515625,-0.0038862366880293643,22633.30078125,0.007746449618880384,18.200000762939453,0.0655738199201572,83.46430206298828,-6.708975869351708e-05,79.26000213623047,0.0034182083778075967,5214.080078125,0.005090947698625836
2024-05-10,22055.19921875,0.004439599522660019,47421.1015625,-0.0014075985634430799,32935.1484375,-0.008185683208482711,22846.900390625,0.009393150178874687,18.469999313354492,0.014835084565756551,83.45939636230469,-5.877603433246392e-05,78.26000213623047,-0.01261670417673244,5222.68017578125,0.001649398844549843
2024-05-13,22104.05078125,0.002212518664983643,47754.1015625,0.006997649553708613,33074.6015625,0.004225234377246979,22462.650390625,-0.016961510564317703,20.600000381469727,0.11532220613431021,83.5248031616211,0.0007836960506215629,79.12000274658203,0.010989018488071656,5221.419921875,-0.00024130405535727206
2024-05-14,22217.849609375,0.005135117275633606,47859.44921875,0.002203614404426075,33122.8515625,0.0014577602692182033,22874.80078125,0.018181954833581315,20.200000762939453,-0.019417456850636006,83.50550079345703,-0.00023109743972349328,78.0199966430664,-0.013903008914684878,5246.68017578125,0.004837813139759728
2024-05-15,22200.55078125,-0.0007789037357247285,47687.44921875,-0.003600330070505279,33117.3984375,-0.00016464687293051632,22759.849609375,-0.005037900543420118,20.270000457763672,0.003465331296058416,83.52420043945312,0.00022393310402812894,78.62999725341797,0.007818516234270767,5308.14990234375,0.011715927882596233
2024-05-16,22403.849609375,0.00911570311987133,47977.05078125,0.006054543684896279,33668.44921875,0.016502397023599215,22886.849609375,0.005564491184298436,20.0,-0.013320199884862771,83.40509796142578,-0.001425963701546351,79.2300033569336,0.00763075320455453,5297.10009765625,-0.0020816677921287052
2024-05-17,22466.099609375,0.0027746873362616406,48115.6484375,0.0028846676903923735,33381.8515625,-0.008548787949662674,23285.650390625,0.01727481503864846,19.799999237060547,-0.0100000381469727,83.47010040283203,0.0007793581327164567,80.05999755859375,0.01047575623493291,5303.27001953125,0.0011647735102702228
2024-05-21,22529.05078125,0.002798133238882937,48048.19921875,-0.0014027980671466199,33379.75,-6.295722246044632e-05,23353.75,0.0029202630051153758,21.809999465942383,0.10151516698645269,83.31500244140625,-0.001858125971782365,79.26000213623047,-0.009992448747925375,5321.41015625,0.0034205568737670777
2024-05-22,22597.80078125,0.0030469687473969323,47781.94921875,-0.005556720706948552,33613.1015625,0.006966489731598564,23324.099609375,-0.0012704267596330488,21.469999313354492,-0.015589186653526599,83.31680297851562,2.1611199143123372e-05,77.56999969482422,-0.021322260861178277,5307.009765625,-0.002706123039226127
2024-05-23,22967.650390625,0.01623413013834582,48768.6015625,0.020438758407350825,34042.8515625,0.012704152705280592,23849.25,0.02226562626673971,21.3799991607666,-0.004191902909466361,83.26709747314453,-0.0005965844054759417,76.87000274658203,-0.009024067951477588,5267.83984375,-0.0073807894850155265
2024-05-24,22957.099609375,-0.00045948127907615604,48971.6484375,0.004154832161642912,33824.30078125,-0.006440568940232329,23891.44921875,0.0017678513482624618,21.709999084472656,0.015434983005594427,83.2863998413086,0.0002318126697076206,77.72000122070312,0.01105760951932444,5304.72021484375,0.0070010425881694704
2024-05-27,22932.44921875,-0.0010743358183047916,49281.80078125,0.006313333046136753,33995.25,0.00504130678642273,23877.150390625,-0.0005986706191512558,23.190000534057617,0.06817141925369685,83.05220031738281,-0.002811977998472992,77.72000122070312,0.0,5304.72021484375,0.0
2024-05-28,22888.150390625,-0.00193357757447097,49142.1484375,-0.0028377735007864874,33880.8515625,-0.0033708048395795173,23814.25,-0.002637810027877569,24.200000762939453,0.0435532645805039,83.14569854736328,0.001125776675671153,79.83000183105469,0.027148746490105458,5306.0400390625,0.0002488018529340774
2024-05-29,22704.69921875,-0.0080474093408375,48501.3515625,-0.013125422060961147,33542.69921875,-0.01003077337616725,23757.94921875,-0.002366962573102563,24.18000030517578,-0.0008264651707904358,83.20649719238281,0.0007312301908786178,79.2300033569336,-0.007515952152811867,5266.9501953125,-0.007367046509680453
2024-05-30,22488.650390625,-0.00956116224385675,48682.3515625,0.003724908672137253,32806.75,-0.0221849438576704,23471.0,-0.012151561887743113,24.18000030517578,0.0,83.3656005859375,0.0019121510810247155,77.91000366210938,-0.016660351368124715,5235.47998046875,-0.005975035585443322
2024-05-31,22530.69921875,0.0018680341105537352,48983.94921875,0.006176103989232917,32386.099609375,-0.012904980561637459,23419.599609375,-0.002192354614393638,24.600000381469727,0.017369729983172988,83.3208999633789,-0.0005361998503509158,76.98999786376953,-0.011808570852208544,5277.509765625,0.00802787620486467
2024-06-03,23263.900390625,0.03202403067452011,50979.94921875,0.039939725361496925,32511.400390625,0.003861502737355057,23992.69921875,0.02417632292621675,20.940000534057617,-0.14878047929499438,83.45079803466797,0.001559009460365246,74.22000122070312,-0.035978655928368686,5283.39990234375,0.0011160825806737495
2024-06-04,21884.5,-0.06112419596275757,46928.6015625,-0.08280507185362752,32315.55078125,-0.006042246370873544,23193.30078125,-0.03388610730687432,26.75,0.27745937525134146,83.09339904785156,-0.004282750977024019,73.25,-0.013069269802606143,5291.33984375,0.0015028090913065117
2024-06-05,22620.349609375,0.03307130264902321,49054.6015625,0.044306664329207206,33087.94921875,0.023620581446190947,24283.75,0.045943924826499935,18.889999389648438,-0.2938317985178154,83.62940216064453,0.006450610023598813,74.06999969482422,0.011194535082924562,5354.02978515625,0.011847649793331305
2024-06-06,22821.400390625,0.008848783029735371,49291.8984375,0.004825740326486466,34023.80078125,0.02789115854065191,24396.69921875,0.004640442857337745,16.799999237060547,-0.1106405622084452,83.38079833984375,-0.0029726844193294077,75.55000305175781,0.019981144363863335,5352.9599609375,-0.00019981663563317653
2024-06-07,23290.150390625,0.02033183181806326,49803.19921875,0.010319487659455055,35169.8984375,0.033130256029965006,25020.19921875,0.025235622158970395,16.8799991607666,0.004761900436850874,83.47309875488281,0.0011069744698637418,75.52999877929688,-0.0002647818881917896,5346.990234375,-0.0011152197300303701
2024-06-10,23259.19921875,-0.0013298220789751808,49780.8984375,-0.0004478783690898994,34526.25,-0.01847065443423916,25022.650390625,9.796292161989067e-05,16.399999618530273,-0.02843599325241486,83.52760314941406,0.00065295760363826,77.73999786376953,0.029259885081295955,5360.7900390625,0.0025808546645145203
2024-06-11,23264.849609375,0.00024290193115634738,49705.75,-0.0015107243629730088,34531.44921875,0.00015057607822574433,25230.80078125,0.00828407108941584,14.770000457763672,-0.09939019504152147,83.52980041503906,2.6305862279585313e-05,77.9000015258789,0.0020581896900713215,5375.31982421875,0.0027103813151374556
2024-06-12,23322.94921875,0.002494199810096445,49895.1015625,0.003802212283286512,34547.44921875,0.0004632384316492003,25217.599609375,-0.0005233534492312389,14.390000343322754,-0.02572783362651665,83.5968017578125,0.0008021250193406271,78.5,0.007702162546450841,5421.02978515625,0.008503672791998707
2024-06-13,23398.900390625,0.0032512085635553246,49846.69921875,-0.0009705529110232862,34902.05078125,0.010211870324481877,25393.19921875,0.006939242931511906,13.489999771118164,-0.06254347121139636,83.5343017578125,-0.0007476362574380113,78.62000274658203,0.0015286974086883287,5433.740234375,0.0023446558536817097
2024-06-14,23465.599609375,0.0028464728647632507,50002.0,0.0031107246803848657,34598.55078125,-0.008733792870875987,25722.099609375,0.01286913849207488,12.819999694824219,-0.04966642606832383,83.52210235595703,-0.00014604062760759096,78.44999694824219,-0.0021623733452137417,5431.60009765625,-0.000393860697500914
2024-06-18,23557.900390625,0.0039257349959185015,50440.8984375,0.008739318314281258,34802.94921875,0.005890334603269015,25715.30078125,-0.00026435349037716666,12.970000267028809,0.011700512930990836,83.51010131835938,-0.00014368696739108788,81.56999969482422,0.039770591051016435,5487.02978515625,0.010205038387107734
2024-06-19,23516.0,-0.0017801967265448713,51398.05078125,0.018797926255818602,34927.1015625,0.003560946064146018,25381.69921875,-0.013057764743677721,13.710000038146973,0.05705472288996982,83.37409973144531,-0.0016285645061738796,81.56999969482422,0.0,5487.02978515625,0.0
2024-06-20,23567.0,0.0021663878659495613,51783.25,0.007466488701992967,34936.44921875,0.00026759751547841875,25267.849609375,-0.00449558994122983,13.350000381469727,-0.026258180574440293,83.41950225830078,0.0005445639233492283,82.16999816894531,0.007355626779034674,5473.169921875,-0.0025259318472709014
2024-06-21,23501.099609375,-0.0028002164622532473,51661.44921875,-0.0023548976111389904,35200.30078125,0.007523953055016235,25092.30078125,-0.006971763897281749,13.180000305175781,-0.012734087748035638,83.60160064697266,0.0021829234620462934,80.7300033569336,-0.017524581283925866,5464.6201171875,-0.001562130321101196
2024-06-24,23537.849609375,0.0015625352218749532,51703.94921875,0.0008223255177726104,35143.80078125,-0.0016063894738805459,25309.80078125,0.008630646078301064,14.0600004196167,0.0667678371824727,83.5625,-0.0004677021333331366,81.62999725341797,0.011148195950211992,5447.8701171875,-0.003065171894990004
2024-06-25,23721.30078125,0.007763664467508334,52606.0,0.017296015872525123,35426.8984375,0.008023136456982043,25250.25,-0.0023556467158340213,14.3100004196167,0.017780938302903282,83.46040344238281,-0.0012217987448578382,80.83000183105469,-0.009800262762226009,5469.2998046875,0.003933590015736899
2024-06-26,23868.80078125,0.006198787876631016,52870.5,0.005015345682290795,35406.6015625,-0.0005730869025392545,25018.900390625,-0.009204501805110907,14.050000190734863,-0.01816912797049386,83.41459655761719,-0.0005488457145699233,80.9000015258789,0.000866011298261915,5477.89990234375,0.0015724312002203256
2024-06-27,24044.5,0.007334080659762657,52811.30078125,-0.0011203296027188692,36123.69921875,0.020050850428852122,25191.400390625,0.0068711270792447465,14.149999618530273,0.007117396899492867,83.58039855957031,0.001987685714437193,81.73999786376953,0.010383143659421501,5482.8701171875,0.0009073212238914774
2024-06-28,24010.599609375,-0.0014108969297394127,52342.25,-0.008921313426579956,36157.5,0.0009352579669167941,25200.599609375,0.00036510632053464535,13.800000190734863,-0.024734942560497686,83.45089721679688,-0.001549422412494672,81.54000091552734,-0.0024467452100440656,5460.47998046875,-0.004083652583445674
2024-07-01,24141.94921875,0.00545557559691747,52574.75,0.004432082133301923,36869.19921875,0.01949209699779086,25323.849609375,0.004878835747157482,13.829999923706055,0.0021738936635185002,83.36750030517578,-0.0009993530854969235,83.37999725341797,0.02256556680440558,5475.08984375,0.0026755639309195
2024-07-02,24123.849609375,-0.0007499973340487516,52168.1015625,-0.007764739541481991,37299.1484375,0.01159400333178465,25130.849609375,-0.007650464449841625,13.640000343322754,-0.013738219915505723,83.44129943847656,0.0008852266534395969,82.80999755859375,-0.00683616830895073,5509.009765625,0.006195317856513505
2024-07-03,24286.5,0.006719678910168409,53089.25,0.017503232617334264,37314.3515625,0.00040751674188723493,25182.80078125,0.002065093267305661,13.210000038146973,-0.03152494826631591,83.4791030883789,0.000453056821463127,83.87999725341797,0.01292114148496526,5537.02001953125,0.005084444409779065
2024-07-04,24302.150390625,0.0006441994597673961,53103.69921875,0.00027213141635999054,37725.8984375,0.010968806773806107,25366.44921875,0.007266151149849932,12.859999656677246,-0.0264951082860726,83.49120330810547,0.00014494908640494408,83.87999725341797,0.0,5537.02001953125,0.0
2024-07-05,24323.849609375,0.0008924945580705119,52660.3515625,-0.008383760829631158,37720.75,-0.00013647889242570236,25398.30078125,0.0012548694391172099,12.699999809265137,-0.012441668093593816,83.49340057373047,2.631733090363575e-05,83.16000366210938,-0.00858361486509529,5567.18994140625,0.005448765178485582
2024-07-08,24320.55078125,-0.0001356303337513403,52425.80078125,-0.004463978659639256,37742.25,0.0005698156866738142,25260.5,-0.005440362543332617,13.600000381469727,0.07086618785206644,83.47209930419922,-0.0002551251881570682,82.33000183105469,-0.009980781559691843,5572.85009765625,0.0010166989647510949
2024-07-09,24433.19921875,0.00462112711188291,52568.80078125,0.002723951256397956,37668.6484375,-0.0019520145601158165,25823.55078125,0.02204498567116653,14.279999732971191,0.049999950913823366,83.45760345458984,-0.00017366101643789822,81.41000366210938,-0.011174518990454962,5576.97998046875,0.0007410719362856977
2024-07-10,24324.44921875,-0.004460845993233708,52189.30078125,-0.0072452947212723,37280.75,-0.01035103440437432,25302.80078125,-0.020371804115969016,14.430000305175781,0.010504241947445703,83.49299621582031,0.00042408072800381724,82.0999984741211,0.008475553138107328,5633.91015625,0.010208065293514812
2024-07-11,24315.94921875,-0.0003495037195243165,52270.6484375,0.0015574901826520202,37332.6015625,0.0013898737896415165,25257.25,-0.0018018492018954154,14.0,-0.02979905031752128,83.49590301513672,3.481488805223698e-05,82.62000274658203,0.006333791499701924,5584.5400390625,-0.008763028841120457
2024-07-12,24502.150390625,0.007628403248955412,52278.8984375,0.0001578199095780896,39023.0,0.0442842344585611,25145.44921875,-0.0044363086240985375,13.729999542236328,-0.019285746983119467,83.51850128173828,0.0002706512030592467,82.20999908447266,-0.004962522978448347,5615.35009765625,0.0055170270744306915
2024-07-15,24586.69921875,0.0034447298074261035,52455.8984375,0.003379968716949005,38911.3515625,-0.002865193887971524,25419.80078125,0.010851494047076913,14.1899995803833,0.03350328138991676,83.52030181884766,2.1558541900779105e-05,81.91000366210938,-0.003649135454374952,5631.22021484375,0.0028262026252154904
2024-07-16,24613.0,0.0010691440871768358,52396.80078125,-0.0011272511427603748,39141.5,0.005897263197830816,25482.900390625,0.0024792256694747446,14.220000267028809,0.0021142133567770838,83.58760070800781,0.0008057788070034988,80.76000213623047,-0.014039817781266728,5667.2001953125,0.006389375498743188
2024-07-18,24800.849609375,0.007603152387120198,52620.69921875,0.00426402793328968,40010.3984375,0.021956096068607853,25576.69921875,0.0036740959333128017,14.510000228881836,0.02039380846746086,83.57209777832031,-0.00018546925089590882,82.81999969482422,0.025507646162748143,5544.58984375,-0.021635083875087835
2024-07-19,24530.900390625,-0.010944347737899481,52265.6015625,-0.006771122831425262,39923.30078125,-0.0021792483413393023,24963.349609375,-0.024273016655562182,14.829999923706055,0.02205373465034599,83.67430114746094,0.0012229365046181329,80.12999725341797,-0.03248010687416558,5505.0,-0.007140265531926926
2024-07-22,24509.25,-0.0008829659721330775,52280.3984375,0.0002830691771813861,39773.1484375,-0.0037681106971605887,25250.75,0.011447124659657514,15.4399995803833,0.041132815901242736,83.73030090332031,0.0006692587221097668,79.77999877929688,-0.004367883266165551,5564.41015625,0.01079203564940956
2024-07-23,24479.05078125,-0.0012329157000276177,51778.30078125,-0.009650352285402888,40044.69921875,0.006804288437206953,25321.69921875,0.002805846518936446,12.75,-0.17422277548510923,83.67130279541016,-0.0007046207558513151,76.95999908447266,-0.035347201528862615,5555.740234375,-0.001558102589770738
2024-07-24,24413.5,-0.00268142363114976,51317.0,-0.008949076367078798,40115.05078125,0.0017552844304754283,25309.05078125,-0.0004996346197962318,11.760000228881836,-0.0776470408720129,83.70680236816406,0.00042427417248069865,77.58999633789062,0.00818603509501692,5427.1298828125,-0.02314909375473495
2024-07-25,24406.099609375,-0.0003031729363163769,50888.75,-0.008380203780163626,40055.5,-0.001485602671358613,25627.349609375,0.01249805517860006,12.619999885559082,0.07312922108327347,83.74299621582031,0.00043238836787784507,78.27999877929688,0.00889293045460926,5399.22021484375,-0.005142620237842288
2024-07-26,24834.849609375,0.01741480789992859,51295.94921875,0.007969908944948765,40977.3515625,0.02275352073480687,26250.69921875,0.024032500259356843,12.25,-0.029318533194478746,83.73760223388672,-6.44111409591197e-05,77.16000366210938,-0.014307551541297592,5459.10009765625,0.011090468702846357
2024-07-29,24836.099609375,5.0331230625744864e-05,51406.25,0.002147973938197812,40820.1015625,-0.0038448677241490112,26426.55078125,0.006676590586717501,12.949999809265137,0.05714284157266425,83.72779846191406,-0.00011707729515919585,75.80999755859375,-0.017496190246794496,5463.5400390625,0.0008133101292933098
2024-07-30,24857.30078125,0.0008532792280141148,51499.30078125,0.0018084701146688046,40776.3515625,-0.0010723506357672356,26580.94921875,0.0058255482394588935,12.880000114440918,-0.005405381919321495,83.75050354003906,0.00027117729764891685,74.7300033569336,-0.014246065643590433,5436.43994140625,-0.004960171878030217
2024-07-31,24951.150390625,0.0037684255675633532,51553.3984375,0.001049902848337241,40851.1015625,0.001831492176545642,26685.25,0.003916213887324091,13.25,0.02872669893412838,83.73899841308594,-0.0001373738242376188,77.91000366210938,0.04255319366154864,5522.2998046875,0.0157933986591674
2024-08-01,25010.900390625,0.002391816490734086,51564.0,0.00020562121810672305,40709.3984375,-0.003474801345745054,26487.44921875,-0.007439971886473485,12.930000305175781,-0.024150920364091943,83.7177963256836,-0.00025319251249877883,76.30999755859375,-0.02053659386867379,5446.68017578125,-0.013693502993456064
2024-08-02,24717.69921875,-0.011792190883304469,51350.1484375,-0.004155927509398077,39730.30078125,-0.024344845200088262,25714.44921875,-0.02961794609303922,14.319999694824219,0.10750188374643965,83.743896484375,0.0003117635656566531,73.5199966430664,-0.03656140747986625,5346.56005859375,-0.018381860868696753
2024-08-05,24055.599609375,-0.02715175314145156,50092.1015625,-0.024804484852365218,38435.94921875,-0.03312094120649481,24706.5,-0.03998669341292319,20.3700008392334,0.4224861224400638,83.73529815673828,-0.00010267408130837374,72.94000244140625,-0.007888931285946366,5186.330078125,-0.02996879838863975
2024-08-06,23992.55078125,-0.0026244033870099497,49748.30078125,-0.006887034348547458,38624.19921875,0.004885803577968684,24520.05078125,-0.00757518482937856,18.739999771118164,-0.08001968585959951,84.00260162353516,0.0031922435661067006,73.19999694824219,0.0035644981921243435,5240.02978515625,0.010354085880061037
2024-08-07,24297.5,0.012630066341245293,50119.0,0.007423869843349755,39194.80078125,0.014665102066140502,24937.599609375,0.016885506923682438,16.170000076293945,-0.1371397932877816,83.93489837646484,-0.0008059660744048625,75.2300033569336,0.02773232914376722,5199.5,-0.007734647858502863
2024-08-08,24117.0,-0.007456478381555143,50156.69921875,0.0007519113966770541,38448.30078125,-0.019229602838755282,24917.349609375,-0.0008123567040362776,16.600000381469727,0.026592473911375203,83.94239807128906,8.935133024867703e-05,76.19000244140625,0.012760853936399252,5319.31005859375,0.023042611519136447
2024-08-09,24367.5,0.010333291215294636,50484.5,0.006514269364804872,39043.30078125,0.01535680464117066,25346.650390625,0.01708225451557985,15.34000015258789,-0.07590362650162052,83.98899841308594,0.0005551466585134168,76.83999633789062,0.008531222938130911,5344.16015625,0.004671676849538509
2024-08-12,24347.0,-0.0008416385761983504,50577.94921875,0.0018493366449316277,39109.55078125,0.0016953959975708687,25278.94921875,-0.0026745841137753705,15.869999885559082,0.03455017781611813,83.94979858398438,-0.00046672575982831255,80.05999755859375,0.0419052755617495,5344.39013671875,4.303397765514916e-05
2024-08-13,24139.0,-0.00857984886239657,49831.8515625,-0.014861325931531793,39114.8515625,0.00013552756171453364,25081.849609375,-0.007827541275150049,16.170000076293945,0.018903603837316263,83.88999938964844,-0.0007123208791991464,78.3499984741211,-0.021358969980247,5434.43017578125,0.016847579753558328
2024-08-14,24143.75,0.0001967576418212346,49727.30078125,-0.0021002754085631572,39731.25,0.015635801472393435,25093.5,0.0004643870316827147,15.4399995803833,-0.04514536131517177,83.88200378417969,-9.531059157141808e-05,76.9800033569336,-0.017485579372921167,5455.2099609375,0.0038237284285767004
2024-08-16,24541.150390625,0.016325768935141063,50516.8984375,0.015753809052220322,40878.25,0.028460105057391157,25597.349609375,0.01987996678472779,14.399999618530273,-0.06735751231330078,83.94830322265625,0.0007903893026584008,76.6500015258789,-0.004286851346635645,5554.25,0.01815512872495928
2024-08-19,24572.650390625,0.0012827353541420893,50368.3515625,-0.0029448701837599305,41236.8515625,0.00873417520913796,25368.75,-0.008970713636965071,14.319999694824219,-0.005555550404536702,83.88980102539062,-0.0006968836178911086,74.37000274658203,-0.029745580351059675,5608.25,0.009722284736913167
2024-08-20,24698.849609375,0.0051226163083365125,50803.1484375,0.008595297131399825,41572.80078125,0.008113814085977201,25500.0,0.005160350559309611,13.819999694824219,-0.03491620186142308,83.87860107421875,-0.00013350790006627644,74.04000091552734,-0.004437297550992092,5597.1201171875,-0.0019845553982971165
2024-08-21,24770.19921875,0.0028846181820890576,50685.55078125,-0.0023174542542376366,41570.8515625,-4.68879750987651e-05,25586.75,0.003396187206343064,13.329999923706055,-0.03545584529221635,83.77940368652344,-0.0011826304495414774,71.93000030517578,-0.028498117021350078,5620.85009765625,0.004239676828782013
2024-08-22,24811.5,0.0016659691560852782,50985.69921875,0.005904310401470354,41506.19921875,-0.0015564432341733027,25563.650390625,-0.0009032035240755279,13.0,-0.024756183465476478,83.88860321044922,0.0013034172973391822,73.01000213623047,0.0150146229177337,5570.64013671875,-0.008932805548120926
2024-08-23,24823.150390625,0.0004694458708691634,50933.44921875,-0.0010253226283482178,41089.8515625,-0.01008162445398072,25850.69921875,0.011166213823208206,13.550000190734863,0.04230770697960495,83.94059753417969,0.0006198019962262435,74.83000183105469,0.024928087132886967,5634.60986328125,0.01148337085011919
2024-08-26,25010.599609375,0.007523018148105455,51148.1015625,0.004205513307253468,41662.1015625,0.013830709739946923,25941.44921875,0.0035043957669748833,13.800000190734863,0.018450184242133405,83.81379699707031,-0.0015105984569354636,77.41999816894531,0.03461173693057118,5616.83984375,-0.0031537266931381813
2024-08-27,25017.75,0.0002858535502177548,51278.75,0.002551059734062977,41709.25,0.001131046615957582,25911.900390625,-0.0011397077159371702,13.630000114440918,-0.012318845937993594,83.88369750976562,0.0008339976853424247,75.52999877929688,-0.0244122892579266,5625.7998046875,0.0015951960865450143
2024-08-28,25052.349609375,0.0013820469762269526,51143.8515625,-0.002634155224423855,42394.3984375,0.016293314439457432,25879.400390625,-0.0012550371887052924,13.949999809265137,0.023477600303552393,83.92160034179688,0.00045184980105150707,74.5199966430664,-0.013372198498000198,5592.18017578125,-0.00597597320797616
2024-08-29,25151.94921875,0.003967777356455909,51152.75,0.00017397327744088755,42591.6484375,0.004641946800510032,26020.400390625,0.005433560236431387,13.789999961853027,-0.011469523268799131,83.94149780273438,0.0002370958234407805,75.91000366210938,0.018652805712012777,5591.9599609375,-3.937906806072977e-05
2024-08-30,25235.900390625,0.003332202116407902,51351.0,0.0038681559883432283,42787.80078125,0.004594845496240401,26172.80078125,0.0058398726395887425,13.390000343322754,-0.02900649888591611,83.89510345458984,-0.0005526985979397159,73.55000305175781,-0.03108945457118406,5648.39990234375,0.010093051774424433
2024-09-02,25278.69921875,0.0016945136137639853,51439.55078125,0.0017229366412050055,42975.6015625,0.0043795156509273655,26071.400390625,-0.0038817903490942444,14.0600004196167,0.05003734571433793,83.86380004882812,-0.00037312553978385843,73.55000305175781,0.0,5648.39990234375,0.0
2024-09-03,25279.849609375,4.550726442364936e-05,51689.1015625,0.004839610770749729,42851.30078125,-0.002896547929901999,26034.650390625,-0.0014105849720944315,13.84000015258789,-0.01564724469864609,83.92729949951172,0.0007571735438487437,70.33999633789062,-0.043643869213822795,5528.93017578125,-0.02115107439771169
2024-09-04,25198.69921875,-0.003215245383183467,51400.25,-0.00560392153107091,42450.5,-0.009397309953968008,25934.25,-0.003863869151774041,14.380000114440918,0.03901733785400685,83.95030212402344,0.00027407797759360086,69.19999694824219,-0.016206986764290554,5520.06982421875,-0.0016025435809103872
2024-09-05,25145.099609375,-0.0021293438665674616,51473.05078125,0.0014153486444019108,42644.6484375,0.004563098553620693,25835.30078125,-0.0038226848698310707,14.210000038146973,-0.01182198017670566,83.98249816894531,0.00038351315132034713,69.1500015258789,-0.0007224772336431595,5503.41015625,-0.003018017615584734
2024-09-06,24852.150390625,-0.011718747382249265,50576.8515625,-0.017564392290923443,42228.8984375,-0.009797006032045683,25527.150390625,-0.011999197113659224,15.220000267028809,0.0710767224609763,83.98359680175781,1.3081687690430499e-05,67.66999816894531,-0.021402795723434842,5408.419921875,-0.01726024985928465
2024-09-09,24936.400390625,0.003384315433638339,51117.80078125,0.01063879581679089,41919.05078125,-0.00736438759321441,25495.25,-0.0012504466484304004,14.239999771118164,-0.06438899334539605,83.98259735107422,-1.1900546316834237e-05,68.70999908447266,0.015368714994359323,5471.0498046875,0.0115800702824842
2024-09-10,25041.099609375,0.0041898603137641086,51272.30078125,0.00301787213611479,42644.19921875,0.01715085956922944,25556.44921875,0.0023975401015822913,13.359999656677246,-0.06179776183885555,83.98090362548828,-2.0167578038354783e-05,65.75,-0.0430795972043837,5495.52001953125,0.004472672652839682
2024-09-11,24918.44921875,-0.004909997784499106,51010.0,-0.005128968634069694,42473.30078125,-0.004015594140914825,25240.599609375,-0.01243590669968998,13.630000114440918,0.020209615621414212,83.98200225830078,1.3081936071968059e-05,67.30999755859375,0.02372619860979097,5554.1298828125,0.010665025888896507
2024-09-12,25388.900390625,0.018703624424743968,51772.3984375,0.014835466619373659,43152.1015625,0.015855458385830558,25779.80078125,0.021137476128564266,13.180000305175781,-0.03301539291906275,83.99259948730469,0.0001261845242901405,68.97000122070312,0.02466206688931072,5595.759765625,0.007495302358939249
2024-09-13,25356.5,-0.0012769785942554214,51938.05078125,0.0031945186983693644,43394.3515625,0.005598164313326739,25820.849609375,0.0015910201314641025,12.550000190734863,-0.04779970408600953,83.93479919433594,-0.0006881593535807973,68.6500015258789,-0.004639693912723342,5626.02001953125,0.005407711405364557
2024-09-16,25383.75,0.0010740980826790941,52153.1484375,0.0041328750947581695,43352.6484375,-0.0009614886558091993,25829.650390625,0.00034078203832176853,12.460000038146973,-0.007171326790443744,83.88480377197266,-0.0005956459399816261,70.08999633789062,0.020975889002258663,5633.08984375,0.0012566297656613212
2024-09-17,25418.55078125,0.0013700476615561017,52188.6484375,0.0006804560096334505,43415.0,0.0014372078615803112,25896.400390625,0.002580905986212563,12.59000015258789,0.010433395990603112,83.88400268554688,-9.549839658173909e-06,71.19000244140625,0.015694195477093498,5634.580078125,0.00026455008109871336
2024-09-18,25377.55078125,-0.0016142974615182065,52750.3984375,0.010706317288215363,42089.30078125,-0.031011433335449673,25804.44921875,-0.003557050590911675,13.369999885559082,0.06195390973135617,83.77059936523438,-0.001351906402673797,70.91000366210938,-0.003933119394501139,5618.259765625,-0.002896455862498093
2024-09-19,25415.80078125,0.0015061029073179838,53037.6015625,0.005429799800114159,41945.6015625,-0.0034199922842810325,25907.650390625,0.003991379567398718,12.470000267028809,-0.06731485611322718,83.69170379638672,-0.0009418049941802842,71.94999694824219,0.014666383195923283,5713.64013671875,0.01697685316676334
2024-09-20,25790.94921875,0.014652566289984728,53793.19921875,0.014145925158782133,42204.3984375,0.0061508660944657205,26394.55078125,0.01861927207943213,12.789999961853027,0.025661562788439563,83.61470031738281,-0.0009200849727142302,71.91999816894531,-0.0004169392712893849,5702.5498046875,-0.0019410273951238066
2024-09-23,25939.05078125,0.005725960454112572,54105.80078125,0.005794352813654416,41987.44921875,-0.005153698486996248,26805.400390625,0.01544579528415365,13.789999961853027,0.07818608311044262,83.48709869384766,-0.0015260668644485609,70.37000274658203,-0.021551661037618852,5718.56982421875,0.0028092730585327352
2024-09-24,25940.400390625,5.20286681844374e-05,53968.6015625,-0.002538978508845427,42243.94921875,0.006090384289369778,26920.44921875,0.00428281748240766,13.390000343322754,-0.02900649888591611,83.55960083007812,0.0008684232338260767,71.55999755859375,0.016910540934567786,5732.93017578125,0.0025111788443470395
2024-09-25,26004.150390625,0.0024545416621303915,54101.6484375,0.002462230673423336,41960.94921875,-0.0067217245263119195,26888.349609375,-0.001193099042604821,12.739999771118164,-0.04854373080944152,83.56759643554688,9.56874540964936e-05,69.69000244140625,-0.026131849929932338,5722.259765625,-0.0018612489301417234
2024-09-26,26216.05078125,0.008115692736807522,54375.3515625,0.005046299322874193,42160.8984375,0.004753808930024287,27496.25,0.02235653896814038,12.0,-0.0580847554484073,83.62409973144531,0.0006761388182561223,67.66999816894531,-0.02898556753760073,5745.3701171875,0.00403867571712313
2024-09-27,26178.94921875,-0.0014162255444679923,53834.30078125,-0.010000129903335453,42312.6015625,0.003591736771604651,27610.75,0.004155557906319201,11.960000038146973,-0.0033333301544189453,83.61710357666016,-8.366194443498731e-05,68.18000030517578,0.007536606325260875,5738.169921875,-0.0012532169669905446
2024-09-30,25810.849609375,-0.014160691857076434,52978.1015625,-0.016032174897345076,41946.1015625,-0.008699452942241639,27027.19921875,-0.02136145223274789,12.789999961853027,0.06939798671059627,83.71640014648438,0.001187515060638189,68.16999816894531,-0.00014670190944121586,5762.47998046875,0.004236552581176722
2024-10-01,25796.900390625,-0.0005405862138807384,52922.6015625,-0.001048151776964424,42434.80078125,0.011583300707728823,27083.44921875,0.002079073967369526,11.989999771118164,-0.0625488814011661,83.82730102539062,0.001324721066746859,69.83000183105469,0.024350941861482678,5708.75,-0.009324107094664358
2024-10-03,25250.099609375,-0.02142424417261006,51845.19921875,-0.02056815774102152,41762.6015625,-0.01596755914398854,26302.099609375,-0.029274042325423147,13.170000076293945,0.09841537345298357,83.91960144042969,0.0011010782156890553,73.70999908447266,0.05556347059542044,5699.93994140625,-0.0015432552824611312
2024-10-04,25014.599609375,-0.009370461848646757,51462.05078125,-0.007417682578876221,41912.5,0.003582872205814216,25926.30078125,-0.014390841413406961,14.130000114440918,0.07289294097081878,84.0093994140625,0.001070047665759688,74.37999725341797,0.009089651027908596,5751.06982421875,0.008970249395274354
2024-10-07,24795.75,-0.008787371273170997,50478.8984375,-0.019289261773879247,42190.6015625,0.0066133726565663015,25807.150390625,-0.004606327186999482,15.079999923706055,0.06723282389037166,84.02780151367188,0.00021904810339945513,77.13999938964844,0.03710677921682293,5695.93994140625,-0.009586022165882668
2024-10-08,25013.150390625,0.008729434677965052,51021.0,0.010681916444619825,42387.55078125,0.004657221026307732,26236.099609375,0.016484709639121124,14.59000015258789,-0.032493353686817605,83.96410369873047,-0.0007580564264916267,73.56999969482422,-0.04627948824307726,5751.1298828125,0.009689347495581924
2024-10-09,24981.94921875,-0.0012481693673798233,51007.0,-0.0002744344706917072,42622.75,0.005533442811480326,26450.25,0.00812929996345325,14.119999885559082,-0.03221386306465823,83.91459655761719,-0.0005896226950854455,73.23999786376953,-0.004485548897968816,5792.0400390625,0.007113411987488272
2024-10-10,24998.44921875,0.0006602588660852999,51530.8984375,0.010218719212350411,42088.80078125,-0.012606457683700785,26528.5,0.0029540167294314,13.5,-0.0439093406929254,83.94219970703125,0.00032894336082645026,75.8499984741211,0.035636273709432675,5780.0498046875,-0.002070122839989974
2024-10-11,24964.25,-0.0013689902517646816,51172.30078125,-0.006983212134293377,42335.69921875,0.005848992682944245,26436.599609375,-0.003470227886985611,13.220000267028809,-0.020740720960829018,83.94599914550781,4.526255554204717e-05,75.55999755859375,-0.0038233476778023467,5815.02978515625,0.006051847587953629
2024-10-14,25127.94921875,0.006535939888908111,51816.8984375,0.012517935442152819,42872.75,0.012605742689022967,26463.55078125,0.0010189450883532135,13.0,-0.016641472207644226,84.16829681396484,0.0026481031939558086,73.83000183105469,-0.02289565621276679,5859.85009765625,0.0077076668832223305
2024-10-15,25057.349609375,-0.0028135592532655376,51906.0,0.0017180696983880427,42731.30078125,-0.003304734908987477,26242.599609375,-0.008384314338318119,13.0,0.0,84.04850006103516,-0.0014233001909789156,70.58000183105469,-0.044020044960001226,5815.259765625,-0.007609466332438197
2024-10-16,24971.30078125,-0.003439985380697183,51801.05078125,-0.0020239560142832065,42230.69921875,-0.011784264863167443,25909.0,-0.012793630955768237,13.050000190734863,0.0038461685180664062,84.05619812011719,9.15906777210207e-05,70.38999938964844,-0.002692015251870572,5842.47021484375,0.004679145956573816
2024-10-17,24749.849609375,-0.008907784090014885,51288.80078125,-0.009938014425723158,42734.3515625,0.011855656847377079,24991.19921875,-0.03606666705153995,13.390000343322754,0.02605365115850966,84.03929901123047,-0.0002010453632766973,70.66999816894531,0.003977820453541003,5841.47021484375,-0.00017116047891174713
2024-10-18,24854.05078125,0.004201335956550517,52094.19921875,0.015581183202946233,42106.5,-0.014800959980139854,25146.900390625,0.006210912404249629,13.039999961853027,-0.026138937452997335,84.05380249023438,0.00017257972370732233,69.22000122070312,-0.020517857447453047,5864.669921875,0.00397155273894878
2024-10-21,24781.099609375,-0.002939498473548445,51962.69921875,-0.0025274647231901728,41562.69921875,-0.012999011432381894,25251.849609375,0.0041647608501139645,13.760000228881836,0.05521474456557396,84.0687026977539,0.00017726988045851932,70.55999755859375,0.01935851364142782,5853.97998046875,-0.0018227694906369774
2024-10-22,24472.099609375,-0.012547572909439223,51257.1484375,-0.013671048466876334,41238.80078125,-0.007823531930867928,24627.25,-0.025045851452525275,14.399999618530273,0.04651158277636491,84.07350158691406,5.7082945331243806e-05,72.08999633789062,0.02168365691943719,5851.2001953125,-0.0004748538883844189
2024-10-23,24435.5,-0.0014966842167451323,51239.0,-0.0003541291641944495,42222.1015625,0.023564237943065468,24451.30078125,-0.007170137249654993,14.619999885559082,0.015277796726168358,84.08399963378906,0.0001248674871017208,70.7699966430664,-0.018310441973630964,5797.419921875,-0.009191323428069387
2024-10-24,24399.400390625,-0.0014784351216731097,51531.1484375,0.0056854880315095595,42139.8515625,-0.0019499317646018454,24324.849609375,-0.005184970693838189,13.970000267028809,-0.044459618578541193,84.06759643554688,-0.0001950810893109889,70.19000244140625,-0.00819548154828098,5809.85986328125,0.002145772011323821
2024-10-25,24180.80078125,-0.00899959570008371,50787.44921875,-0.014537187430073713,42038.8515625,-0.0023996579827607577,23799.30078125,-0.02184224419221598,14.630000114440918,0.04724408266260394,84.08180236816406,0.00016898226212624934,71.77999877929688,0.022652746581935723,5808.1201171875,-0.00029944716993013376
2024-10-28,24339.150390625,0.006527218917237164,51259.30078125,0.009247818775387358,42205.3984375,0.003953910016992274,23964.44921875,0.006915248305464791,14.289999961853027,-0.023239928224763617,84.10199737548828,0.00024018285473692558,67.37999725341797,-0.06129843411404423,5823.52001953125,0.0026514435020339455
2024-10-29,24466.849609375,0.0052329430871703615,52320.69921875,0.020494991120592315,42031.44921875,-0.004130008917563258,23588.599609375,-0.01580792169469367,14.520000457763672,0.016095206194865597,84.10279846191406,9.525177175007116e-06,67.20999908447266,-0.0025229767865074804,5832.919921875,0.001614127248163344
2024-10-30,24340.849609375,-0.00516313130612327,51807.5,-0.00985714490288118,41668.6015625,-0.008670243945927799,23594.0,0.00022891450209576908,15.510000228881836,0.06818180026907794,84.08930206298828,-0.00016047502785410117,68.61000061035156,0.020830256583091344,5813.669921875,-0.003300233889343751
2024-10-31,24205.349609375,-0.00558232586918934,51475.3515625,-0.006431843767241447,40407.55078125,-0.030731217026636934,23514.69921875,-0.003366718142080973,15.550000190734863,0.0025789788048191653,84.08910369873047,-2.3589713904481613e-06,69.26000213623047,0.009473859788609929,5705.4501953125,-0.018614700871699585
2024-11-01,24304.349609375,0.004081663627652918,51673.8984375,0.0038497055520845392,40433.6484375,0.0006456524002318919,23805.599609375,0.012295106431232576,15.899999618530273,0.022508001511405196,84.09149932861328,2.8489183228730397e-05,69.48999786376953,0.003320758308477556,5728.7998046875,0.004092509543626166
2024-11-04,23995.349609375,-0.012795285302364113,51215.25,-0.008915448955357298,40421.80078125,-0.00029305770852229807,23573.19921875,-0.00981039031356648,16.690000534057617,0.04968559336357825,84.13359832763672,0.0005006332311774386,71.47000122070312,0.02849335757378002,5712.68994140625,-0.002812083478299976
2024-11-05,24213.30078125,0.009042055940529129,52207.25,0.01918403487432157,40424.6015625,6.928647830760563e-05,23839.599609375,0.011237606752110219,16.1200008392334,-0.03415216756051487,84.15249633789062,0.0002246190657424485,71.98999786376953,0.007275732953475611,5782.759765625,0.012265644545291332
2024-11-06,24484.05078125,0.011119815807918394,52317.3984375,0.002107607725449364,42039.5,0.03917110330381454,24137.900390625,0.012435188377528618,14.869999885559082,-0.07754347944151607,84.11630249023438,-0.0004300983242484513,71.69000244140625,-0.00416718198729471,5929.0400390625,0.025295927786425976
2024-11-07,24199.349609375,-0.011696159889418445,51916.5,-0.007692323137335696,41752.3984375,-0.006852755251594436,23812.5,-0.013572582637955053,14.9399995803833,0.004707444207326272,84.2511978149414,0.0016036763470754778,72.36000061035156,0.009345768532968313,5973.10009765625,0.007431229727488331
2024-11-08,24148.19921875,-0.0021159463488489003,51561.19921875,-0.006867222217467195,42050.1484375,0.007106019184903287,23805.19921875,-0.0003066414978878763,14.470000267028809,-0.03145912493676484,84.306396484375,0.0006551677704906833,70.37999725341797,-0.02736323024091214,5995.5400390625,0.0037568333092317108
2024-11-11,24141.30078125,-0.00028571169910344984,51876.75,0.00610127641765172,42590.30078125,0.012763629724205007,23729.44921875,-0.0031871515457425306,14.270000457763672,-0.01382168663264327,84.38289642333984,0.0009074037339387164,68.04000091552734,-0.03324803110555652,6001.35009765625,0.0009690634297987444
2024-11-12,23883.44921875,-0.010738381367723213,51157.80078125,-0.01395572420980314,42609.55078125,0.00045187872923564145,23269.099609375,-0.019590576471716505,14.59000015258789,0.022424645028663592,84.39649963378906,0.00016120814792808247,68.12000274658203,0.0011758058491799783,5983.990234375,-0.00289265965137242
2024-11-13,23559.05078125,-0.013675649189030194,50088.3515625,-0.021126511396689276,42369.5,-0.00564966112356514,22765.19921875,-0.021893263524941,15.4399995803833,0.05825904173446106,84.39530181884766,-1.419270878066925e-05,68.43000030517578,0.004550756695459901,5985.3798828125,0.00023222772482434095
2024-11-14,23532.69921875,-0.0011191584619590343,50179.55078125,0.001819111435817084,42390.8515625,0.0005038101555273967,22914.5,0.006536878107690522,14.779999732971191,-0.042746105268723356,84.4229965209961,0.0003281545483169168,68.69999694824219,0.003945588804067146,5949.169921875,-0.006049734794859041
2024-11-18,23453.80078125,-0.003358348106569627,50363.80078125,0.003665089802305888,41406.55078125,-0.023493474176755003,23043.849609375,0.005629007656669148,15.170000076293945,0.026387033177865504,84.47750091552734,0.0006456107550942836,69.16000366210938,0.006695876772945919,5893.6201171875,-0.009337404279417871
2024-11-19,23518.5,0.002754783503889256,50626.5,0.005202476064142504,41748.3515625,0.008220867239279504,23359.5,0.013604848010374744,15.65999984741211,0.03230057802596087,84.39849853515625,-0.0009351884172105196,69.38999938964844,0.0033255597941077575,5916.97998046875,0.003963584828470035
2024-11-21,23349.900390625,-0.007194627306794726,50372.8984375,-0.005021853583054966,41952.80078125,0.004885228449815338,23145.900390625,-0.009186077729107291,15.989999771118164,0.021072792268295615,84.38310241699219,-0.0001824217069175127,70.0999984741211,0.010232008801236203,5948.7099609375,0.00536252963056949
2024-11-22,23907.25,0.02358904203763299,51135.3984375,0.015023685067740456,43332.1015625,0.032348540468441316,23554.099609375,0.017482210497310222,16.100000381469727,0.006879337831527055,84.48829650878906,0.001246625079948327,71.23999786376953,0.01626247381544932,5969.33984375,0.003467959094991535
2024-11-25,24221.900390625,0.013075438521712217,52207.5,0.02074917662672449,43618.1484375,0.006579576411408516,23716.44921875,0.006868980866228489,15.300000190734863,-0.04968945166334415,84.43599700927734,-0.0006190147236105892,68.94000244140625,-0.03228516972672435,5987.3701171875,0.003020480305938378
2024-11-26,24194.5,-0.0011318641340202825,52191.5,-0.0003065163483417977,44085.94921875,0.010667807551442404,23413.0,-0.012877443600441579,15.3100004196167,0.0006536097226907955,84.37750244140625,-0.0006927681314009559,68.7699966430664,-0.002465996407301163,6021.6298828125,0.005722005647630368
2024-11-27,24274.900390625,0.0033175761911502914,52301.80078125,0.0021111558615275455,44018.69921875,-0.0015265939823402885,23517.349609375,0.0044470063492169755,14.630000114440918,-0.044415433477356214,84.33910369873047,-0.0004550827123905865,68.72000122070312,-0.0007269946895994694,5998.740234375,-0.003801238017440034
2024-11-28,23914.150390625,-0.0149725605075969,51906.8515625,-0.007580006091594729,42968.75,-0.02414141858225739,23134.69921875,-0.0164048088647697,15.210000038146973,0.03964456043534481,84.42030334472656,0.0009627757758270405,68.72000122070312,0.0,5998.740234375,0.0
2024-11-29,24131.099609375,0.009031098528695802,52055.6015625,0.002861611996177613,43146.25,0.004122400310567092,23368.55078125,0.010057513560459554,14.430000305175781,-0.051282033597300214,84.47160339355469,0.0006076743010343666,68.0,-0.01047731676241892,6032.3798828125,0.005607785488815242
2024-12-02,24276.05078125,0.005988850983542634,52109.0,0.0010252704157960642,43547.0,0.009245306976683826,23599.599609375,0.009838611482933617,14.699999809265137,0.018710983948663662,84.55699920654297,0.0010109410684489006,68.0999984741211,0.0014705657958984375,6047.14990234375,0.0024484564662998753
2024-12-03,24457.150390625,0.007432322879372628,52695.75,0.011197128571671565,43754.94921875,0.004763916817277179,23752.400390625,0.00645384826926623,14.369999885559082,-0.022448974693051515,84.73709869384766,0.002129918149824217,69.94000244140625,0.02701914843631581,6049.8798828125,0.0004514491145146682
2024-12-04,24467.44921875,0.0004210081782723239,53266.8984375,0.01078028866262057,43949.25,0.004430827733690358,23584.0,-0.007115078445536258,14.449999809265137,0.00556714852770801,84.68309783935547,-0.0006372752351043731,68.54000091552734,-0.020017178681853598,6086.490234375,0.006051417924264779
2024-12-05,24708.400390625,0.009799651742121284,53603.55078125,0.006300216004784557,44806.3984375,0.019315392349272157,23736.25,0.00643489945056329,14.529999732971191,0.0055363269731505405,84.70700073242188,0.0002822628561811591,68.30000305175781,-0.003501573687828219,6075.10986328125,-0.0018697756269248078
2024-12-06,24677.80078125,-0.0012391968835286232,53509.5,-0.0017561035697197733,44716.05078125,-0.002018436441632773,23960.25,0.009392791792086084,14.140000343322754,-0.026840977069218952,84.68379974365234,-0.0002738969455762241,67.19999694824219,-0.01610550592043225,6090.27001953125,0.0024954538421815275
2024-12-09,24619.0,-0.002385583169878571,53407.75,-0.0019033417099216408,44832.0,0.002589655107793666,23775.05078125,-0.007759462910833619,14.109999656677246,-0.002121689244489633,84.66600036621094,-0.0002101863342846011,68.37000274658203,0.017410801361211092,6052.85009765625,-0.006144213927296471
2024-12-10,24610.05078125,-0.00036357470666444975,53577.69921875,0.003177055626576128,45199.75,0.008169385694841788,23767.05078125,-0.0003365438132764099,13.779999732971191,-0.023387663482322574,84.84729766845703,0.0021413235709957235,68.58999633789062,0.003217691713777171,6034.91015625,-0.002963883313944371
2024-12-11,24641.80078125,0.0012892918089711122,53391.3515625,-0.0034841450568980784,45350.3515625,0.00332637288673084,23851.849609375,0.00356156555766798,13.270000457763672,-0.037010107771428435,84.8740005493164,0.00031471692785922656,70.29000091552734,0.02478502213736955,6084.18994140625,0.008165786048233592
2024-12-12,24548.69921875,-0.003785351792322941,53216.44921875,-0.003281232693891202,45701.6484375,0.007716439355903514,23660.30078125,-0.008063194965768758,13.1899995803833,-0.006028701930719693,84.85710144042969,-0.0001991081930549088,70.0199966430664,-0.003841289926648672,6051.25,-0.005414022527810203
2024-12-13,24768.30078125,0.008905773422254015,53583.80078125,0.006879253769818475,45995.80078125,0.006415736865946984,23773.099609375,0.00475610181123531,13.050000190734863,-0.010614055655972177,84.83920288085938,-0.0002109258891299648,71.29000091552734,0.01813773683730524,6051.08984375,-2.6466639124200775e-05
2024-12-16,24668.25,-0.004047649614185296,53581.3515625,-4.570923843923035e-05,45653.6015625,-0.007467605903140493,23790.5,0.0007316683995393387,14.020000457763672,0.07432952129130865,84.802001953125,-0.00043848747361074913,70.70999908447266,-0.008135808999945704,6074.080078125,0.0037993543260221863
2024-12-17,24336.0,-0.01356025614827435,52834.80078125,-0.014031009626021638,45413.75,-0.005267576425325848,23417.80078125,-0.015789891015680586,14.489999771118164,0.0335234877324293,84.91729736328125,0.0013595835888400298,70.08000183105469,-0.00890959215917042,6050.60986328125,-0.003863994965801476
2024-12-18,24198.849609375,-0.005651640286891943,52139.55078125,-0.013246286460896239,45526.8515625,0.0024873734914936437,23241.25,-0.007567733200323264,14.369999885559082,-0.008281565731855234,84.91539764404297,-2.237140485239486e-05,70.58000183105469,0.0071347030099311315,5872.16015625,-0.02949284635160343
2024-12-19,23951.69921875,-0.01026582529903898,51575.69921875,-0.01087317665718863,44954.19921875,-0.012658119794804011,23070.900390625,-0.007356617052396527,14.510000228881836,0.009742543106311619,85.16549682617188,0.002945274815497001,69.91000366210938,-0.009492747967746795,5867.080078125,-0.0008651123249070469
2024-12-20,23587.5,-0.015322359236337606,50759.19921875,-0.01595774929545478,43771.05078125,-0.02667151852903166,22580.0,-0.021507541338222958,15.069999694824219,0.03859403563810537,85.27940368652344,0.0013374766143154915,69.45999908447266,-0.006436912517008175,5930.85009765625,0.010869123768910471
2024-12-23,23753.44921875,0.007010839504245724,51317.6015625,0.010940936818536123,43828.3515625,0.001308246127016044,22557.75,-0.000985871107981329,13.520000457763672,-0.10285330248499558,84.94499969482422,-0.003921274976645517,69.23999786376953,-0.0031673081428574834,5974.06982421875,0.007287273468533639
2024-12-24,23727.650390625,-0.0010866989549987555,51233.0,-0.001649948033531738,43668.8984375,-0.0036447614414937147,22685.55078125,0.005649504742584446,13.180000305175781,-0.02514793942870397,85.0988998413086,0.0018117622819151524,70.0999984741211,0.01242057534495622,6040.0400390625,0.01104275925539211
2024-12-26,23750.19921875,0.0009498673594489271,51170.69921875,-0.0012167683279371618,43664.25,-0.00010645299265069784,22876.099609375,0.00836448800531465,14.039999961853027,0.06525035180306671,85.41339874267578,0.003695687041238571,69.62000274658203,-0.006847300113940302,6037.58984375,-0.00040565878647391695
2024-12-27,23813.400390625,0.002657545248501766,51311.30078125,0.0027439287039176807,43721.3984375,0.0013079595258284867,23099.05078125,0.009698844601246894,13.239999771118164,-0.05698007071997724,85.26090240478516,-0.0017853912867938915,70.5999984741211,0.014076352899701217,5970.83984375,-0.011055736101235558
2024-12-30,23644.900390625,-0.007101000468431965,50952.75,-0.007012283353431148,43971.44921875,0.005702892895659832,22768.25,-0.014424503352206741,13.970000267028809,0.05513599007026215,85.38600158691406,0.0014672514435161155,70.98999786376953,0.005524070794298952,5906.93994140625,-0.010701995701766776
2024-12-31,23644.80078125,-4.2127301519090045e-06,50860.19921875,-0.001818055708094611,43337.80078125,-0.014515290486094528,22834.0,0.002883631643661391,14.449999809265137,0.03435930802157494,85.7865982055664,0.0046915959432130006,71.72000122070312,0.010283186067063577,5881.6298828125,-0.004284800394927402
2025-01-01,23742.900390625,0.004140304217561321,51060.6015625,0.003932516237647942,43373.1015625,0.0008142178721720688,22834.0,0.0,14.449999809265137,0.0,85.7865982055664,0.0,71.72000122070312,0.0,5881.6298828125,0.0
2025-01-02,24188.650390625,0.018599976157659907,51605.55078125,0.01061604675545918,44351.75,0.02231269752951634,24016.19921875,0.05047791685364793,13.739999771118164,-0.0491349513853786,85.78569793701172,-1.0494279683803676e-05,73.12999725341797,0.01965973241377794,5868.5498046875,-0.0022238866412221947
2025-01-03,24004.75,-0.007631803596810856,50988.80078125,-0.012023223896118125,43726.55078125,-0.01419667985617311,24005.0,-0.0004664281248796702,13.539999961853027,-0.014556027117667125,85.80400085449219,0.00021335628106577964,73.95999908447266,0.011349676770511463,5942.47021484375,0.01259602672149196
2025-01-06,23616.05078125,-0.016325128725884954,49922.0,-0.021144228724655777,43674.8515625,-0.0011830296401045147,23482.19921875,-0.02201948791895441,15.649999618530273,0.15583453933691738,85.75900268554688,-0.0005244297293505173,73.55999755859375,-0.005408349524478107,5975.3798828125,0.005538045085450305
2025-01-07,23707.900390625,0.0038817437019732417,50202.1484375,0.005596035980463355,43375.8515625,-0.006869586691738925,23482.099609375,-4.241918967651364e-06,14.65999984741211,-0.06325877285939108,85.68070220947266,-0.0009130292286784192,74.25,0.009380131379920664,5909.02978515625,-0.01110391288210788
2025-01-08,23688.94921875,-0.0007996806978147784,49835.05078125,-0.007339255935095342,43634.25,0.00593952179128398,23370.150390625,-0.004778828414878156,14.470000267028809,-0.012960408073731333,85.80650329589844,0.0014682546148865327,73.31999969482422,-0.01252525663536408,5918.25,0.001560360190925314
2025-01-09,23526.5,-0.006881216315863482,49503.5,-0.006675193260835087,43126.44921875,-0.011705912571082687,23305.19921875,-0.0027831056153966673,14.65999984741211,0.013130585824260965,85.90750122070312,0.0011770427756088164,73.91999816894531,0.008183285278483776,5918.25,0.0
2025-01-10,23431.5,-0.004046174437066828,48734.1484375,-0.015663389834337238,44609.5,0.03381036096873915,23017.75,-0.01241082069264269,14.920000076293945,0.01773535004011162,85.91999816894531,0.00014546981421426075,76.56999969482422,0.03584958862988996,5827.0400390625,-0.01541164380306681
2025-01-13,23085.94921875,-0.014857097422370331,48041.25,-0.014319967454771185,43999.1015625,-0.013777626152390098,22382.25,-0.02799742339868,16.0,0.07238605349754934,86.18800354003906,0.0031192432123516856,78.81999969482422,0.029384876700634166,5836.22021484375,0.0015754440882007614
2025-01-14,23176.05078125,0.003895278043635164,48729.1484375,0.01421736472810984,43061.19921875,-0.02154687317953728,22833.05078125,0.019940847956324604,15.470000267028809,-0.03312498331069946,86.65059661865234,0.0053672559940245446,77.5,-0.016747014716252284,5842.91015625,0.0011462798112440442
2025-01-15,23213.19921875,0.0016015971562733668,48751.69921875,0.00046267102091261024,43401.25,0.007865901038750256,22712.75,-0.0052826411633472075,15.260000228881836,-0.013574662865038611,86.535400390625,-0.001329433754903242,80.04000091552734,0.032774205361643105,5949.91015625,0.018312792279639112
2025-01-16,23311.80078125,0.004238654922064901,49278.69921875,0.010751870547835236,43188.8515625,-0.004905846272396073,22861.25,0.006516896720286506,15.470000267028809,0.013761470183304203,86.43099975585938,-0.0012064500111440557,78.68000030517578,-0.01699151167910251,5937.33984375,-0.0021126894641922966
2025-01-17,23203.19921875,-0.004669537131428157,48540.6015625,-0.015091329802434902,42032.19921875,-0.02714642363818698,22791.099609375,-0.00307324579954811,15.75,0.018099529937821268,86.6061019897461,0.002025919338910054,77.87999725341797,-0.010167806922405265,5996.66015625,0.009991058969353706
2025-01-20,23344.75,0.006081952909099664,49350.80078125,0.016553398967217556,42192.80078125,0.003813636263500363,22671.80078125,-0.005248195822353279,16.420000076293945,0.042539687383742475,86.56900024414062,-0.00042839643804615246,77.87999725341797,0.0,5996.66015625,0.0
2025-01-21,23024.650390625,-0.013806721311582606,48570.8984375,-0.01592943834498547,41697.94921875,-0.011797660698895098,22303.19921875,-0.016391765014251134,17.059999465942383,0.03897682013853476,86.21109771728516,-0.004134303571094899,75.88999938964844,-0.025552104955707255,6049.240234375,0.008768227105582893
2025-01-22,23155.349609375,0.0056604403518015324,48724.3984375,0.003155345269229849,42590.69921875,0.021183953050962944,22274.349609375,-0.0012943562022226995,16.770000457763672,-0.01699877006195971,86.45189666748047,0.002793131703124452,75.44000244140625,-0.0059295948328017545,6086.3701171875,0.006137941522227575
2025-01-23,23205.349609375,0.0021570002277194853,48589.0,-0.0027827314027984414,43351.75,0.01771117026065579,22518.94921875,0.010921367571198631,16.700000762939453,-0.004174102141530467,86.47270202636719,0.00024065821212393423,74.62000274658203,-0.010869560820350066,6118.7099609375,0.00531348622041139
2025-01-24,23092.19921875,-0.00488797436469754,48367.80078125,-0.004562848624140744,43524.1015625,0.0039677720681662336,22171.05078125,-0.015569723226317425,16.75,0.002993966154271277,86.44020080566406,-0.0003758552692526562,74.66000366210938,0.0005360615660010559,6101.240234375,-0.002855132319398823
2025-01-27,22829.150390625,-0.011456619090824587,48064.6484375,-0.006287372038481836,42060.69921875,-0.03420104911589527,21970.44921875,-0.009089085939421336,18.1299991607666,0.08238800959800607,86.2030029296875,-0.0027440690068482043,73.16999816894531,-0.01995721162709041,6012.27978515625,-0.014580715690809543
2025-01-28,22957.25,0.005595545512054291,48866.8515625,0.016552337280285295,41820.6484375,-0.005723595132563707,22264.150390625,0.013279445975995131,18.200000762939453,0.0038610924110982214,86.46839904785156,0.0030787340248521478,73.7699966430664,0.008200061352136911,6067.7001953125,0.009217869449967608
2025-01-29,23163.099609375,0.008926687592645893,49165.94921875,0.00610201038691614,42914.5,0.02581956484414968,22586.349609375,0.014367945132102936,18.639999389648438,0.024175747706832507,86.58460235595703,0.0013438818040467648,72.62000274658203,-0.015588910787790566,6039.31005859375,-0.004678895760321544
2025-01-30,23249.5,0.003723148074350194,49311.94921875,0.0029651344979147315,42426.6484375,-0.011433098466028418,22495.69921875,-0.004021579105482994,17.389999389648438,-0.06706008803273766,86.6406021118164,0.0006467634467979266,72.7300033569336,0.0015147425804351577,6071.169921875,0.005275414405311762
2025-01-31,23508.400390625,0.011074194280356322,49587.19921875,0.0055662908131055185,42662.75,0.005549508464534863,22867.599609375,0.01639689936891988,16.25,-0.06555488382173447,86.64700317382812,7.388062704660747e-05,72.52999877929688,-0.0027499596920842473,6040.52978515625,-0.005046825754019935
2025-02-01,23482.150390625,-0.001117246011978889,49587.19921875,0.0,42662.75,0.0,22867.599609375,0.0,16.25,0.0,86.64700317382812,0.0,72.52999877929688,0.0,6040.52978515625,0.0
2025-02-03,23361.05078125,-0.005170435671733403,49210.55078125,-0.007624672874087702,42314.25,-0.00820226540919546,23327.0,0.019890443491150916,14.350000381469727,-0.11692305344801679,86.55400085449219,-0.0010733472125903365,73.16000366210938,0.00868612840777172,5994.56982421875,-0.007608597684666707
2025-02-04,23739.25,0.016059657410686868,50157.94921875,0.01906896341398504,42860.19921875,0.012819729408532187,23535.05078125,0.00887934457503226,14.020000457763672,-0.022996509751469163,86.94339752197266,0.004498886979645178,72.69999694824219,-0.006287680301271359,6037.8798828125,0.007224881828679752
2025-02-05,23696.30078125,-0.0018108456539069108,50343.05078125,0.003683580696708373,42888.30078125,0.0006554415180683753,23517.099609375,-0.0007630330429928872,14.079999923706055,0.004279562338327825,87.13009643554688,0.0021473616041636223,71.02999877929688,-0.022971089945632905,6061.47998046875,0.003908672930614365
2025-02-06,23603.349609375,-0.003930316218479903,50382.1015625,0.0007753928844562097,43020.94921875,0.003088108507893085,23298.849609375,-0.009323813133886909,14.180000305175781,0.007102299858777528,87.33409881591797,0.002341353776900812,70.61000061035156,-0.005912968832370691,6083.56982421875,0.003644298722618622
2025-02-07,23559.94921875,-0.0018404311807618838,50158.8515625,-0.004440983698253697,42921.6484375,-0.0023108639521646377,23459.94921875,0.006890692269753875,13.6899995803833,-0.03455576264082505,87.58830261230469,0.0029107049804513174,71.0,0.0055232882917048975,6025.990234375,-0.009464770111542897
2025-02-10,23381.599609375,-0.0075988318246352615,49981.0,-0.003552067368259725,42596.55078125,-0.007603041815067515,23112.650390625,-0.014914575046632383,14.449999809265137,0.05551499285440853,87.51309967041016,-0.0008585957217073226,72.31999969482422,0.018591544997524245,6066.43994140625,0.006712541085862833
2025-02-11,23071.80078125,-0.013338245144624153,49403.3984375,-0.011623717100814859,41968.30078125,-0.014858692403303944,22573.900390625,-0.023585714634871562,14.869999885559082,0.029065749608152114,87.49009704589844,-0.00026284778619833915,73.31999969482422,0.0138274336866675,6068.5,0.00033958278885926063
2025-02-12,23045.25,-0.001151451956867338,49479.44921875,0.0015381999618260963,41733.0,-0.005622407272135345,22407.44921875,-0.007400930967305828,14.899999618530273,0.0020174669268373524,86.81120300292969,-0.0077596672754013385,71.37000274658203,-0.02659570316910187,6051.97021484375,-0.0027238667143857365
2025-02-13,23031.400390625,-0.0006011552347958088,49359.8515625,-0.00242004372095746,41315.55078125,-0.010053221415371936,22344.30078125,-0.0028221680453986856,14.960000038146973,0.004026873902874373,86.8740005493164,0.0007233806722457548,71.29000091552734,-0.0011209447663713679,6115.06982421875,0.010426292122230674
2025-02-14,22929.25,-0.00444513112662715,49099.44921875,-0.005289555153079334,41311.1484375,-0.0001065598358832782,22069.30078125,-0.01238375203787434,15.020000457763672,0.004010723226183233,86.75409698486328,-0.0013802007930445725,70.73999786376953,-0.007715009744627688,6114.6298828125,-7.194380749464546e-05
2025-02-17,22959.5,0.001318406118349223,49258.8984375,0.003242213034810687,41073.19921875,-0.005776579828422865,21951.849609375,-0.005336137267120123,15.720000267028809,0.04660451317784853,86.43460083007812,-0.0036827788645059645,70.73999786376953,0.0,6114.6298828125,0.0
2025-02-18,22945.30078125,-0.0006186376571162799,49087.30078125,-0.00348966877730114,41464.3515625,0.009478237926190316,21818.900390625,-0.006074816063519921,15.670000076293945,-0.0031806736568404936,86.85479736328125,0.004861438928019046,71.8499984741211,0.015691272884813978,6129.580078125,0.0024449877750611915
2025-02-19,22932.900390625,-0.0005405787764224007,49570.1015625,0.0097874994463339,40924.25,-0.013111262709258964,21809.150390625,-0.00044696015465837,15.420000076293945,-0.015954052251614725,86.88719940185547,0.0003730598603401969,72.25,0.005567175147860093,6144.14990234375,0.0023769693899173827
2025-02-20,22913.150390625,-0.0008615791713867465,49334.55078125,-0.004763198110848666,40865.94921875,-0.0014256180246784143,22074.900390625,0.012111609746931078,14.680000305175781,-0.04798960878449077,86.872802734375,-0.00016569376823716286,72.56999969482422,0.004429061520058397,6117.52001953125,-0.0043341850761716705
2025-02-21,22795.900390625,-0.005130286241460248,48981.19921875,-0.0071881277200750845,40544.55078125,-0.007895790033396109,21505.900390625,-0.02611389990788483,14.529999732971191,-0.010218022417322725,86.45120239257812,-0.004853076319938365,70.4000015258789,-0.02990213832259503,6013.1298828125,-0.01706412670256352
2025-02-24,22553.349609375,-0.010697116011174177,48651.94921875,-0.0067446610790008864,39446.6015625,-0.027453490680832287,21552.5,0.0021644848459528836,14.4399995803833,-0.006194091826695947,86.52940368652344,0.000904571501391116,70.69999694824219,0.004261298520753742,5983.25,-0.00496910650440241
2025-02-25,22547.55078125,-0.00025714910818764225,48608.3515625,-0.0008965149977923783,39131.30078125,-0.008025219917228333,21662.650390625,0.005097778356536758,13.720000267028809,-0.04986144974218765,86.69010162353516,0.001857148323752389,68.93000030517578,-0.02503531427819128,5955.25,-0.004679730915472358
2025-02-27,22545.05078125,-0.00011088293493540093,48743.80078125,0.0027826669034080975,38946.6484375,-0.0047299574299449355,21335.349609375,-0.015224294293531011,13.3100004196167,-0.02988337022101961,87.16220092773438,0.005445827093955691,70.3499984741211,0.020600582658617528,5861.56982421875,-0.0157306873399522
2025-02-28,22124.69921875,-0.01882096814125905,48344.69921875,-0.008221443538791617,37318.30078125,-0.042708876903178324,20498.599609375,-0.04000873109174425,13.90999984741211,0.04507884364234216,87.3270034790039,0.001890757111631114,69.76000213623047,-0.008386586363717696,5954.5,0.01585414463498891
2025-03-03,22119.30078125,-0.0002440302652016664,48114.30078125,-0.004777135895262998,37614.44921875,0.007904420415404078,20538.150390625,0.0019275792306219165,13.760000228881836,-0.010783581608606596,87.46399688720703,0.0015687405126187937,68.37000274658203,-0.01992544935612217,5849.72021484375,-0.0175967394669998
2025-03-04,22082.650390625,-0.001658315891150207,48245.19921875,0.0027168783154354987,37276.94921875,-0.009013112101155494,20269.19921875,-0.013181697355366494,13.829999923706055,0.005087187039233498,87.32959747314453,-0.0015366255698995301,68.26000213623047,-0.0016089016517856214,5778.14990234375,-0.012234826602200433
2025-03-05,22337.30078125,0.01146571185468711,48489.94921875,0.005060219086961644,38072.30078125,0.021111851906827208,20796.75,0.02569427055050929,13.670000076293945,-0.011569041814516123,87.21700286865234,-0.0012893063491654644,66.30999755859375,-0.02856730906256022,5842.6298828125,0.011159277893187936
2025-03-06,22544.69921875,0.00924200854408832,48627.69921875,0.002836767458683978,38145.30078125,0.0019155686042504623,20959.69921875,0.007804784600429254,13.729999542236328,0.004389134279993989,86.88929748535156,-0.003757356622243746,66.36000061035156,0.0007540801326924029,5738.52001953125,-0.017819007085749905
2025-03-07,22552.5,0.00034595413741610534,48497.5,-0.002681061100261846,37820.44921875,-0.008552631749733522,21009.69921875,0.002382689555557766,13.470000267028809,-0.01893658294799705,87.12879943847656,0.0027564033782800923,67.04000091552734,0.010247141333957543,5770.2001953125,0.00552061780274804
2025-03-10,22460.30078125,-0.004096583464717347,48216.80078125,-0.0058047259745134866,37644.3984375,-0.004665777672530757,20752.80078125,-0.012302983677241294,13.989999771118164,0.03860426828366026,87.07379913330078,-0.0006312528754011115,66.02999877929688,-0.015065664117503652,5614.56005859375,-0.0269730913054258
2025-03-11,22497.900390625,0.0016726478000064651,47853.94921875,-0.007553876448123271,37400.1015625,-0.006510743304934788,20682.650390625,-0.003386011527051397,14.069999694824219,0.005718364904566453,87.3551025390625,0.0032306320450203874,66.25,0.0033318374189050814,5572.06982421875,-0.007567865323653167
2025-03-12,22470.5,-0.001218651042867137,48056.6484375,0.004226843028653843,36310.6484375,-0.02956237635253057,20783.69921875,0.004873784603713878,13.6899995803833,-0.02700782677207192,87.20010375976562,-0.0017743528974459855,67.68000030517578,0.021584910266804203,5599.2998046875,0.004886869929446425
2025-03-13,22397.19921875,-0.00326742167482874,48060.3984375,7.802986304361546e-05,36122.5,-0.005195103753505519,20554.05078125,-0.011110948228392422,13.279999732971191,-0.029948857558739994,87.3405990600586,0.001611182719231996,66.55000305175781,-0.016696176836919374,5521.52001953125,-0.013890984206835322
2025-03-17,22508.75,0.004968206335327962,48354.1484375,0.006093497681614749,36137.19921875,0.00040684417764482133,20741.150390625,0.009061628680395433,13.420000076293945,0.010542194739293853,86.93900299072266,-0.00459804573884115,67.58000183105469,0.015477065846200233,5675.1201171875,0.02781844439808623
2025-03-18,22834.30078125,0.014359703182661372,49314.5,0.019666137077787645,36619.3515625,0.013254047830794754,21234.94921875,0.02352870386206961,13.210000038146973,-0.015648288893673867,86.91639709472656,-0.0002600201890802234,66.9000015258789,-0.010062152807804536,5614.66015625,-0.010653512117636543
2025-03-19,22907.599609375,0.0032048904937790478,49702.6015625,0.007839121602958908,36223.5,-0.01086875241214703,21319.5,0.003973774496589133,13.300000190734863,0.006813031970325012,86.57610321044922,-0.0039151862669418724,67.16000366210938,0.003886429451423812,5675.2900390625,0.010798495567894584
2025-03-20,23190.650390625,0.012280480863664548,50062.8515625,0.007221970221284502,36676.6484375,0.012432190708127242,21623.05078125,0.01413776460705775,12.600000381469727,-0.052631563851613716,86.33709716796875,-0.0027606468022647324,68.26000213623047,0.01637877328975934,5662.89013671875,-0.0021848931523151816
2025-03-21,23350.400390625,0.0068649342763162065,50593.55078125,0.010544865978513278,36702.80078125,0.0007127975239859291,21756.0,0.0061296700886172934,12.579999923706055,-0.0015873378696944496,86.33609771728516,-1.157614416491537e-05,68.27999877929688,0.000292948175221186,5667.56005859375,0.0008246534476661349
2025-03-24,23658.349609375,0.013101970335000056,51704.94921875,0.021729393247889268,37217.05078125,0.013913942887482484,21938.69921875,0.008362583413445493,13.699999809265137,0.08903019812015467,85.98699951171875,-0.004043479086923263,69.11000061035156,0.012155855973833951,5767.56982421875,0.017646000146633645
2025-03-25,23668.650390625,0.0004353025297464832,51607.94921875,-0.0018777912529735028,37706.8984375,0.013076049540260912,21737.599609375,-0.009208702929329377,13.640000343322754,-0.0043795231224605935,85.53209686279297,-0.0052903654216215346,69.0,-0.0015916742783979032,5776.64990234375,0.0015743334544251475
2025-03-26,23486.849609375,-0.007710730752587225,51209.0,-0.007760417401511165,37336.69921875,-0.00986632393366052,21742.80078125,0.00023924213452872862,13.470000267028809,-0.012463348388196072,85.59040069580078,0.0006816602789634363,69.6500015258789,0.00942031196925952,5712.2001953125,-0.011156934922627149
2025-03-27,23591.94921875,0.004464845602965276,51575.8515625,0.007138272122071959,37548.30078125,0.005651388814334162,21516.75,-0.010451002595624852,13.300000190734863,-0.01262064386962658,86.09539794921875,0.005900162276524457,69.91999816894531,0.0038764772024604266,5693.31005859375,-0.003306980860763864
2025-03-28,23519.349609375,-0.003082049047667123,51564.8515625,-0.00021330085423934848,36886.1484375,-0.017792025546652473,21295.5,-0.010335918794133047,12.720000267028809,-0.04360901619460866,85.69490051269531,-0.004651786809321212,69.36000061035156,-0.008009118610681987,5580.93994140625,-0.01973722070834405
2025-04-01,23165.69921875,-0.015150767296533939,50827.5,-0.014402722419340411,35980.6484375,-0.024854848950718066,21235.25,-0.0028332460774214466,13.779999732971191,0.08333328959826991,85.46810150146484,-0.002646587018289015,71.19999694824219,0.026528205330148324,5633.06982421875,0.009340699480697934
2025-04-02,23332.349609375,0.007168090205371445,51348.05078125,0.010189429488519527,36283.5,0.00838184195407748,21408.849609375,0.0081418329827234,13.720000267028809,-0.004354097757986342,85.61009979248047,0.0016614185704497686,71.70999908447266,0.007162951658568284,5670.97021484375,0.006728194715792668
2025-04-03,23250.099609375,-0.003531376595912815,51597.3515625,0.004843368677377204,34757.25,-0.042974909135689944,21164.0,-0.01150274465301801,13.600000381469727,-0.008746347173728575,85.65119934082031,0.00048007826692719746,66.94999694824219,-0.06637849947011298,5396.52001953125,-0.04839563335990149
2025-04-04,22904.44921875,-0.014978235581472139,51502.69921875,-0.0018361265513455757,33511.44921875,-0.036501035177852956,20593.150390625,-0.027343109847963235,13.760000228881836,0.01176469433266436,85.28289794921875,-0.004300014412361386,61.9900016784668,-0.0740850708867078,5074.080078125,-0.05974960534553109
2025-04-07,22161.599609375,-0.032970136904421674,49860.1015625,-0.03241310326398503,32668.80078125,-0.025466630258802622,19815.55078125,-0.03849149276069174,22.790000915527344,0.6562500389855954,85.529296875,0.0028891950403464595,60.70000076293945,-0.02080982223905059,5062.25,-0.0023314724921273955
2025-04-08,22535.849609375,0.01674631338889978,50511.0,0.012970019296965426,33244.3984375,0.01746576695760183,20138.150390625,0.016149023034343384,20.440000534057617,-0.10311541408796598,86.0270004272461,0.005819100243200648,59.58000183105469,-0.01845138250094691,4982.77001953125,-0.015700524562941354
2025-04-09,22399.150390625,-0.006084328049671031,50240.1484375,-0.0053766576201205694,32517.349609375,-0.022112503832859495,20140.400390625,0.00011172199389986514,21.43000030517578,0.048434429806819335,86.435302734375,0.0047462111325642375,62.349998474121094,0.04649205367467135,5456.89990234375,0.09515387644904849
2025-04-11,22828.55078125,0.018988950673859396,51002.3515625,0.015057264006311015,32740.849609375,0.006849740769448516,20548.650390625,0.020067496901969517,20.110000610351562,-0.061595878489344336,86.2603988647461,-0.002023523538367211,61.5,-0.013632694385291688,5363.35986328125,-0.0171416080075657
2025-04-15,23328.55078125,0.02166598602930882,52379.5,0.026643552675940964,33275.30078125,0.016191881695515466,21246.19921875,0.03338275471545511,16.1299991607666,-0.1979115528985249,86.0447998046875,-0.0024993979032794655,61.33000183105469,-0.0027641978690294833,5396.6298828125,0.006203204778225668
2025-04-16,23437.19921875,0.004646504460063537,53117.75,0.013995853937483777,33295.5,0.0006068492231680368,21155.80078125,-0.004263882574351415,15.869999885559082,-0.016118988762251263,85.72669982910156,-0.00369691110105419,62.470001220703125,0.01858795623043985,5275.7001953125,-0.0224083715440897
2025-04-17,23851.650390625,0.017528943393621495,54290.19921875,0.021832570096618705,33372.3515625,0.0023055069194515177,21373.099609375,0.01021896720205826,15.470000267028809,-0.02520476505448832,85.62049865722656,-0.0012388342498511618,64.68000030517578,0.03537696560409609,5282.7001953125,0.0013268380955802073
2025-04-21,24125.55078125,0.011418063566753105,55304.5,0.01851056209945288,34135.05078125,0.022596978889291644,21826.0,0.020968815984293104,15.520000457763672,0.003232074329140744,85.62049865722656,0.0,63.08000183105469,-0.024737143886393254,5158.2001953125,-0.023567493023827546
2025-04-22,24167.25,0.0017269335569158489,55647.19921875,0.006177468411529913,33941.05078125,-0.005699519235483941,21903.69921875,0.0035536169653506504,15.229999542236328,-0.01868562544933916,85.15889739990234,-0.005391247009342903,64.30999755859375,0.01949898053004695,5287.759765625,0.025117204723895226
2025-04-23,24328.94921875,0.006668556323176313,55370.05078125,-0.004992899990833982,35414.6484375,0.04250031292562826,22424.44921875,0.02349630995019474,15.960000038146973,0.04793174772502029,85.2323989868164,0.0008631110683468002,62.27000045776367,-0.03172130583540156,5375.85986328125,0.01666113847096007
2025-04-24,24246.69921875,-0.0033864737270896763,55201.3984375,-0.0030505609853250237,35307.1015625,-0.0030414111048533607,22367.55078125,-0.002540563855334679,16.25,0.018170423631571397,85.4999008178711,0.0031384993762297864,62.790000915527344,0.008350737978818135,5484.77001953125,0.020259113708281262
2025-04-25,24039.349609375,-0.008588438645809417,54664.05078125,-0.009782000526163863,35562.25,0.007200560871140859,21994.5,-0.01681886064800201,17.15999984741211,0.05599999060997596,85.2573013305664,-0.0028374241956311552,63.02000045776367,0.0036629963192029713,5525.2099609375,0.007373133469998461
2025-04-28,24328.5,0.011956447831200931,55432.80078125,0.013965203962897124,35482.94921875,-0.0022324045834438647,22352.94921875,0.016165846347228285,16.940000534057617,-0.012820472920206383,85.38490295410156,0.001496665054414592,62.04999923706055,-0.015391958325249866,5528.75,0.0006407067039131409
2025-04-29,24335.94921875,0.00030614622903455367,55391.25,-0.0007498513707811542,35920.3984375,0.012253058329078028,22299.05078125,-0.0024141567534425863,17.3700008392334,0.025383724416730313,85.1603012084961,-0.0026304620352640695,60.41999816894531,-0.02626915532888008,5560.830078125,0.005802410694099036
2025-04-30,24334.19921875,-7.191266338548166e-05,55087.1484375,-0.005505190785485016,35794.94921875,-0.003498535552163434,22308.400390625,0.0004191949670421947,18.219999313354492,0.0489348550980615,85.1707992553711,0.00012327395190037116,58.209999084472656,-0.03657727824309254,5569.06005859375,0.00147999135976562
2025-05-02,24346.69921875,0.0005135484625769229,55115.3515625,0.0005118418477934279,35891.8515625,0.0027034935780241454,22286.5,-0.0009821926809468373,18.260000228881836,0.0021954400128887386,84.69670104980469,-0.005566440725123356,58.290000915527344,0.0013743657844520474,5686.669921875,0.021118440462814414
2025-05-05,24461.150390625,0.004689876016656186,54919.5,-0.0035598133962563474,35991.25,0.0027655596014079654,22699.19921875,0.01834853317508333,18.34000015258789,0.004381156774550199,84.52629852294922,-0.00201191456979255,57.130001068115234,-0.019900494582135275,5650.3798828125,-0.006381597588933863
2025-05-06,24379.599609375,-0.0033394596535795407,54271.3984375,-0.011871120813523034,35869.19921875,-0.003396886602776401,22737.599609375,0.0016902775176953497,19.0,0.03598690523014958,84.2208023071289,-0.0036142149976834403,59.09000015258789,0.03430770257006954,5606.91015625,-0.007693239651855532
2025-05-07,24414.400390625,0.001426437150093386,54610.8984375,0.00623611202152172,35920.30078125,0.0014236502867681319,23114.099609375,0.01642287935054588,19.059999465942383,0.0031578666285465573,84.79319763183594,0.006796365138147964,58.06999969482422,-0.017261811730068133,5631.27978515625,0.00434635623313584
2025-05-08,24273.80078125,-0.005775526588332327,54365.6484375,-0.004500976055335955,36002.44921875,0.002284352954321395,22674.150390625,-0.01921727771827176,21.010000228881836,0.10230854237031006,84.81719970703125,0.0002830660461647927,59.90999984741211,0.03168589912618658,5663.93994140625,0.005799775094835535
2025-05-09,24008.0,-0.011010503428714508,53595.25,-0.014272047112656998,35880.1015625,-0.0034041021935477173,22627.80078125,-0.0020462529471141394,21.6299991607666,0.029509706098549637,86.08219909667969,0.014914420589431154,61.02000045776367,0.018527801922528564,5659.91015625,-0.0007114809122162891
2025-05-12,24924.69921875,0.0374721401846667,55382.8515625,0.03280956250641026,38282.55078125,0.06481133139111317,23400.44921875,0.03357594620094075,18.389999389648438,-0.14979195084736807,85.4083023071289,-0.00782852664804623,61.95000076293945,0.015240909508342337,5844.18994140625,0.032558782749008364
2025-05-13,24578.349609375,-0.013993290077199355,54940.8515625,-0.008012826842756487,37354.6015625,-0.024538094065570042,23167.25,-0.010015576120122409,18.200000762939453,-0.010331627678896615,84.9656982421875,-0.005182213590311124,63.66999816894531,0.027764283855099103,5886.5498046875,0.0072482009835321826
2025-05-14,24666.900390625,0.003596321541244558,54801.30078125,-0.0025432498541150574,37853.55078125,0.013268682277381013,23356.849609375,0.008150642811130414,17.229999542236328,-0.053296768134116324,85.060302734375,0.0011134433559039092,63.150001525878906,-0.008167059180473335,5892.580078125,0.001024415597859818
2025-05-15,25062.099609375,0.015894449466611917,55355.6015625,0.01006392605215792,38293.80078125,0.011563236183093748,23804.849609375,0.018999038767055786,16.889999389648438,-0.019733033175911574,85.48760223388672,0.005023489051597663,61.619998931884766,-0.02422806899485419,5916.93017578125,0.004132332074135769
2025-05-16,25019.80078125,-0.0016891866264205442,55354.8984375,-1.2702047231440082e-05,37972.3515625,-0.008429719145091514,23953.150390625,0.00621053050469606,16.549999237060547,-0.0201302643501734,85.44490051269531,-0.0004995077657526936,62.4900016784668,0.014118837417438801,5958.3798828125,0.007005272294898557
2025-05-19,24945.44921875,-0.002976133107706799,55420.69921875,0.001188001516239402,37477.80078125,-0.013109525922607716,24052.599609375,0.004143227051543071,17.360000610351562,0.048942683421832056,85.50029754638672,0.000648336335568489,62.689998626708984,0.003200463160030642,5963.60009765625,0.0008761131291423752
2025-05-20,24683.900390625,-0.010540184450815589,54877.3515625,-0.009852432525205082,37283.5,-0.00519790899012598,23531.19921875,-0.021915915612859806,17.389999389648438,0.0017280402213226687,85.37210083007812,-0.0014993715810057706,62.560001373291016,-0.002073652197570497,5940.4599609375,-0.0038802294486252054
2025-05-21,24813.44921875,0.0052345883147392296,55075.1015625,0.0035970132106267704,37540.1015625,0.006858867071501877,23700.099609375,0.00715208409615847,17.549999237060547,0.009200681600216143,85.53610229492188,0.0019210194343250997,61.56999969482422,-0.01582483466647533,5844.60986328125,-0.01613513066101424
2025-05-22,24609.69921875,-0.008245170966734258,54941.30078125,-0.0024323799791412474,37050.1484375,-0.013137378457899042,23459.900390625,-0.010186653767066029,17.260000228881836,-0.016524160728526804,85.60030364990234,0.0007505761106474385,61.20000076293945,-0.006009402853966006,5842.009765625,-0.00044487103794299543
2025-05-23,24853.150390625,0.009843878373448323,55398.25,0.008282648022834316,37403.55078125,0.009493282444712594,23515.25,0.002356549559895843,17.280000686645508,0.0011587750578476719,85.97489929199219,0.004376101790735554,61.529998779296875,0.005392124383064578,5802.81982421875,-0.006708297825321674
2025-05-26,25001.150390625,0.0059373186446142635,55572.0,0.003131472479956106,37785.8984375,0.010170335224356356,23763.150390625,0.01048693105059939,18.020000457763672,0.04282405912692222,85.19930267333984,-0.009021198338578174,61.529998779296875,0.0,5802.81982421875,0.0
2025-05-27,24826.19921875,-0.00702232377173064,55352.80078125,-0.0039522181249083965,37501.44921875,-0.007556397750428054,23596.900390625,-0.0070207138774013925,18.540000915527344,0.02885685041920394,85.158203125,-0.0004823930132084042,60.88999938964844,-0.010401420483430623,5921.5400390625,0.0204590558452733
2025-05-28,24752.44921875,-0.002975073210803887,55417.0,0.0011591467256507572,37465.75,-0.0009523957629594541,23437.05078125,-0.006797227145216054,18.020000457763672,-0.028047488246247587,85.3604965209961,0.0023755009919497194,61.84000015258789,0.015601917760914796,5888.5498046875,-0.005571225417268844
2025-05-29,24833.599609375,0.003273116733106363,55546.05078125,0.0023260146242464062,37754.1484375,0.007668179741405903,23555.75,0.005051815138424135,16.420000076293945,-0.08879025198805635,85.38590240478516,0.0002976304593402812,60.939998626708984,-0.014553711572739103,5912.169921875,0.004011194261904327
2025-05-30,24750.69921875,-0.0033438193068198903,55749.69921875,0.0036595946346980666,37321.75,-0.011519095414601931,23325.599609375,-0.009818498890092611,16.079999923706055,-0.02070646473861837,85.36129760742188,-0.0002881599499485743,60.790000915527344,-0.0024613999764007133,5911.68994140625,-8.118516130162234e-05
2025-06-02,24716.599609375,-0.001378673005562118,55903.3984375,0.0027531581131464908,37061.8515625,-0.006988085806069186,23327.05078125,6.22117656046004e-05,17.15999984741211,0.06716417467849967,85.52429962158203,0.0019095540804663358,62.52000045776367,0.028458620104979238,5935.93994140625,0.0041020419271569075
2025-06-03,24542.5,-0.007068758288164619,55599.94921875,-0.005442885335163327,36814.8984375,-0.0066855687299306275,23268.69921875,-0.0025045886375088715,16.559999465942383,-0.034965057506117225,85.36370086669922,-0.0018778143240389955,63.40999984741211,0.014235434790978552,5970.3701171875,0.005800290454605506
2025-06-04,24620.19921875,0.0031609038835467354,55676.8515625,0.0013821812894170905,36938.1015625,0.0033409688988969032,23332.599609375,0.002742431317627763,15.75,-0.04891301280584237,85.70880126953125,0.004042706669558749,62.849998474121094,-0.008831436281952154,5970.81005859375,7.36874595066439e-05
2025-06-05,24750.900390625,0.005294655304090157,55760.8515625,0.00150756904627013,37107.94921875,0.004587630328621596,23306.19921875,-0.0011321215000442344,15.079999923706055,-0.042539687383742586,85.9041976928711,0.002279770810530657,63.369998931884766,0.00827367494651221,5939.2998046875,-0.005277383403094138
2025-06-06,25003.05078125,0.010135980900817266,56578.3984375,0.014555221053401587,37294.8515625,0.005024077989710389,23661.30078125,0.015121449039520833,14.630000114440918,-0.029840836309138696,85.87750244140625,-0.0003107560769065598,64.58000183105469,0.019094254687782586,6000.35986328125,0.010280683010067904
2025-06-09,25103.19921875,0.003997448256890138,56839.6015625,0.004606034082723467,37669.19921875,0.009987474371975983,23777.150390625,0.004884216782713951,14.6899995803833,0.004101125459538446,85.7853012084961,-0.0010736366369418215,65.29000091552734,0.010994101336975204,6005.8798828125,0.0009199480792858594
2025-06-10,25104.25,4.18575835460567e-05,56629.1015625,-0.00371027844126405,38300.0,0.01660713250658324,23759.0,-0.0007636458298743948,14.020000457763672,-0.0456091995750858,85.75599670410156,-0.00034160286181550426,64.9800033569336,-0.004748009714302559,6038.81005859375,0.00548298940767844
2025-06-11,25141.400390625,0.001478750781646587,56459.75,-0.0029950200528604622,38784.30078125,0.012565649522307498,23805.19921875,0.0019426053223806465,13.670000076293945,-0.024964363055773764,85.65280151367188,-0.0012033583002453163,68.1500015258789,0.048784210606031886,6022.240234375,-0.002743888954607865
2025-06-12,24888.19921875,-0.010122141121121413,56082.55078125,-0.006703268522981033,38460.30078125,-0.008388984953530113,23411.80078125,-0.016663809254334073,14.020000457763672,0.02560353910141422,85.46980285644531,-0.0021365168913635157,68.04000091552734,-0.0016140954935971452,6045.259765625,0.0038224199557175265
2025-06-13,24718.599609375,-0.006837783295332098,55527.3515625,-0.009949006077016643,38469.25,0.00023266010783865013,23327.400390625,-0.003611550058498901,15.079999923706055,0.07560623618634765,85.68840026855469,0.0025575981785816992,72.9800033569336,0.07260438528710988,5976.97021484375,-0.011296379879250695
2025-06-16,24946.5,0.00917755091754434,55944.8984375,0.007491529557008836,39073.05078125,0.015573770162965897,23368.25,0.001749611342975552,14.84000015258789,-0.015915104266073565,86.24919891357422,0.006544627315505203,71.7699966430664,-0.016579976133314744,6033.10986328125,0.009392659896159117
2025-06-17,24853.400390625,-0.0037389519699400583,55714.1484375,-0.004133123735948372,39356.1015625,0.007218030584333274,23227.30078125,-0.00604991877118846,14.399999618530273,-0.029649631370178064,86.10420227050781,-0.001681136113643178,74.83999633789062,0.042775530701112396,5982.72021484375,-0.008352184790166306
2025-06-18,24812.05078125,-0.0016651260767121068,55828.75,0.0020548435522054083,39030.8984375,-0.008297421530994097,23312.349609375,0.00365490166285401,14.279999732971191,-0.008333325606805109,86.36270141601562,0.0030021664296442374,75.13999938964844,0.00400859254994268,5980.8701171875,-0.0003092402101070313
2025-06-19,24793.25,-0.0007580150449296773,55577.44921875,-0.004511440283236665,38664.94921875,-0.00942011538418535,23434.650390625,0.005232466694603671,14.260000228881836,-0.0014005255226425817,86.61360168457031,0.0029051924550864694,75.13999938964844,0.0,5980.8701171875,0.0
2025-06-20,25112.400390625,0.012790324902965947,56252.8515625,0.012079204852049767,38991.44921875,0.008408886594057604,23679.349609375,0.010387630812856376,13.670000076293945,-0.041374484089622965,86.58380126953125,-0.00034406160763977844,74.93000030517578,-0.0027947709100140106,5967.83984375,-0.002178658486505891
2025-06-23,24971.900390625,-0.005610555258512813,56059.3515625,-0.0034457554223283485,38414.1015625,-0.014917750917376925,23461.150390625,-0.00925746553668331,14.050000190734863,0.027798106241411213,86.5802993774414,-4.044511835354925e-05,68.51000213623047,-0.08567994318427696,6025.169921875,0.009606504133156335
2025-06-24,25044.349609375,0.0028970292423300638,56461.8984375,0.007155067906978082,38417.94921875,0.00010015758304231061,23598.25,0.00582667845813937,13.640000343322754,-0.02918148340542226,86.23300170898438,-0.004011278211721203,64.37000274658203,-0.060429123639729965,6092.18017578125,0.01112172017970181
2025-06-25,25244.75,0.00796997571939643,56621.1484375,0.002816515997316384,39046.30078125,0.016223363529735992,23827.80078125,0.009680442292137312,12.960000038146973,-0.049853393552784175,85.90480041503906,-0.003805982482819159,64.91999816894531,0.008544281480436622,6092.16015625,-3.2861029504172024e-06
2025-06-26,25549.0,0.011979963629751521,57206.69921875,0.010288448010729099,38996.25,-0.001282653824379884,23961.69921875,0.005603690680272878,12.59000015258789,-0.028549373801698308,86.006103515625,0.0011792484249599777,65.23999786376953,0.004929138999533844,6141.02001953125,0.008020121275230219
2025-06-27,25637.80078125,0.00346967847107354,57443.8984375,0.004137781433808544,38822.94921875,-0.004453941173358411,24007.94921875,0.001928303243306628,12.390000343322754,-0.015885608168481724,85.66639709472656,-0.003949794340313506,65.5199966430664,0.004291826923133124,6173.06982421875,0.005218970885222163
2025-06-30,25517.05078125,-0.004720968611190444,57312.75,-0.00228568011322425,38950.0,0.0032672258297005525,23872.55078125,-0.0056556969294215475,12.789999961853027,0.03228406839761244,85.4552993774414,-0.0024641834423331233,65.11000061035156,-0.00625757102748925,6204.9501953125,0.005164427424532603
2025-07-01,25541.80078125,0.0009694695897414579,57459.44921875,0.0025563559753664987,38833.1484375,-0.0030045492565410428,23824.0,-0.002035820084397723,12.529999732971191,-0.02032839950408938,85.71399688720703,0.0030272845762671086,65.44999694824219,0.005221875820971444,6198.009765625,-0.001118531087121899
2025-07-02,25453.400390625,-0.0034670116851196766,56999.19921875,-0.008042249090694696,38879.1015625,0.0011826483046379617,23899.849609375,0.0031786904812441882,12.449999809265137,-0.006384670822900729,85.6427993774414,-0.0008306404128991529,67.44999694824219,0.030557679041323782,6227.419921875,0.004745096791088033
2025-07-03,25405.30078125,-0.0018915002785163046,56791.94921875,-0.0036426423673500863,38854.30078125,-0.0006380984581592472,24004.94921875,0.004387860113069891,12.390000343322754,-0.004819234286070562,85.69409942626953,0.0005990001401290357,67.0,-0.006671563656073909,6279.35009765625,0.008338955206607324
2025-07-04,25461.0,0.0021900252291445488,57031.8984375,0.004216156440587588,39166.55078125,0.008004313228435938,23980.400390625,-0.0010231802192342916,12.319999694824219,-0.005649769698050089,85.31909942626953,-0.004376030584493651,66.5,-0.007462686567164201,6279.35009765625,0.0
2025-07-07,25461.30078125,1.181334092876479e-05,56949.19921875,-0.0014511043490927048,38866.94921875,-0.007678831134113942,23943.900390625,-0.0015232358725074723,12.5600004196167,0.019480578793626746,85.49629974365234,0.0020769126558344286,67.93000030517578,0.021503763987605673,6229.97998046875,-0.007862297279128794
2025-07-08,25522.5,0.0024007330644550996,57256.30078125,0.0053780650267477295,38983.25,0.002987811693107312,23852.900390625,-0.003807790833920278,12.199999809265137,-0.028662468019451603,85.89199829101562,0.004628253486405054,68.33000183105469,0.005888436980449052,6225.52001953125,-0.0007158868810946961
2025-07-09,25476.099609375,-0.0018196736296237606,57213.55078125,-0.0007469215938337628,38680.8515625,-0.00778738077484483,23944.400390625,0.003828672760898711,11.9399995803833,-0.0213114945038263,85.7073974609375,-0.002149220343583891,68.37999725341797,0.0007316759991737865,6263.259765625,0.0060621034026635545
2025-07-10,25355.25,-0.004754933244868607,56956.0,-0.004511732180315613,38376.6484375,-0.007895524908443492,23916.849609375,-0.0011512772563639093,11.670000076293945,-0.02261302458778547,85.70850372314453,1.2907429694619665e-05,66.56999969482422,-0.02646969335032079,6280.4599609375,0.0027462050044453346
2025-07-11,25149.849609375,-0.00813389240519248,56754.69921875,-0.003540581368691832,37693.25,-0.017968127680195366,23493.80078125,-0.017846625307708034,11.819999694824219,0.012853437664921419,85.73480224609375,0.0003068367992302701,68.44999694824219,0.028240908247505025,6259.75,-0.0032975229626984737
2025-07-14,25082.30078125,-0.0026894675348791744,56765.3515625,0.00018767334418816906,37273.69921875,-0.011193070170036715,23552.0,0.002474152739333836,11.979999542236328,0.013536366458805515,85.82129669189453,0.0010088603873197322,66.9800033569336,-0.021475436915214363,6268.56005859375,0.001407413809457303
2025-07-15,25195.80078125,0.004514895720960817,57006.6484375,0.004241768392862728,37424.6015625,0.004040320795830607,23905.25,0.014887357540082575,11.479999542236328,-0.04173622863984383,85.96839904785156,0.0017140542222886523,66.5199966430664,-0.006867821600662349,6243.759765625,-0.003956298214731202
2025-07-16,25212.05078125,0.0006447408512447503,57168.94921875,0.002843004878456688,37660.75,0.006290154103478873,24011.150390625,0.004420221977790625,11.239999771118164,-0.02090590424112604,85.99310302734375,0.0002873611671940779,66.37999725341797,-0.0021046211171603657,6263.7001953125,0.003193657417327689
2025-07-17,25111.44921875,-0.003998199509757984,56828.80078125,-0.005967651939994163,37138.55078125,-0.013962903326126624,24002.5,-0.0003603304746970084,11.239999771118164,0.0,85.88520050048828,-0.001254781174964248,67.54000091552734,0.01747519900732808,6297.35986328125,0.00537376740890938
2025-07-18,24968.400390625,-0.005712845317742711,56283.0,-0.009650717495986233,37141.8984375,9.013559523328339e-05,23894.349609375,-0.004515978621104383,11.390000343322754,0.013345246909170383,86.04650115966797,0.0018780960891948695,67.33999633789062,-0.0029612759094698182,6296.7900390625,-9.048620868445933e-05
2025-07-21,25090.69921875,0.004886187422514114,56952.75,0.01182944096968613,37031.75,-0.0029700175409632093,24055.0,0.006700862182879598,11.199999809265137,-0.016681345770898304,86.14859771728516,0.0011865277058475954,67.19999694824219,-0.002078993128332929,6305.60009765625,0.001399134882868358
2025-07-22,25060.900390625,-0.0011883501967580668,56756.0,-0.0034605990542028392,36858.8984375,-0.004678586030927934,23875.849609375,-0.007475403684795969,10.75,-0.040178555082909684,86.19529724121094,0.0005420810687950528,66.20999908447266,-0.014732111737029263,6309.6201171875,0.0006375316336257875
2025-07-23,25219.900390625,0.006324502693684897,57210.44921875,0.00797518270644815,36951.5,0.0025091752122989594,24079.400390625,0.008489247942417998,10.520000457763672,-0.021395306254542112,86.3427963256836,0.0017112196279094327,65.25,-0.01449930671722044,6358.91015625,0.007811886951519131
2025-07-24,25062.099609375,-0.006276651657225533,57066.05078125,-0.0025271777548591017,36135.80078125,-0.022322156659496835,24087.30078125,0.00032804366932481327,10.720000267028809,0.01901138788616108,86.39869689941406,0.0006474260286823963,66.02999877929688,0.011954004280411823,6363.35009765625,0.0006982236416543941
2025-07-25,24837.0,-0.009022252428611252,56528.8984375,-0.009457398434007124,35623.75,-0.014271535056003204,23781.55078125,-0.012774660264587514,11.279999732971191,0.05223875485010554,86.4302978515625,0.00036575727739540653,65.16000366210938,-0.013175755463746608,6388.64013671875,0.00397432777929585
2025-07-28,24680.900390625,-0.006304795850755804,56084.8984375,-0.007885397934535004,35370.05078125,-0.007147111322273925,23693.0,-0.0037304569494365923,12.0600004196167,0.06914899867998958,86.506103515625,0.0008770728083420387,66.70999908447266,0.023787528165297056,6389.77001953125,0.00017685810881817865
2025-07-29,24821.099609375,0.005664401180259817,56222.0,0.0024415531461510712,35373.25,9.04458434042333e-05,23888.349609375,0.008211230181016767,11.529999732971191,-0.04394698741331826,86.77760314941406,0.003138502634557172,69.20999908447266,0.03747564134777348,6370.85986328125,-0.002959442388724254
2025-07-30,24855.05078125,0.001366900490246142,56150.69921875,-0.0012690055736690352,35481.69921875,0.0030611638179988227,23745.80078125,-0.005985170407823968,11.210000038146973,-0.027753660211209508,87.06320190429688,0.003291157447516291,70.0,0.011414548850999573,6362.89990234375,-0.0012494327466496813
2025-07-31,24768.349609375,-0.003494369971240235,55961.94921875,-0.0033671522520134748,35301.6484375,-0.005087387797945642,23655.849609375,-0.003795280506322205,11.539999961853027,0.029437994878062756,87.714599609375,0.007481894656185206,69.26000213623047,-0.010571398053850434,6339.39013671875,-0.0036948193411530106
2025-08-01,24565.349609375,-0.008229715141942045,55617.6015625,-0.006172255526186973,34649.6015625,-0.018643434143061348,23410.94921875,-0.010406596874599622,11.979999542236328,0.03812821333082983,87.4894027709961,-0.0025673814779043624,67.33000183105469,-0.02786601567495739,6238.009765625,-0.015992133140148468
2025-08-04,24722.75,0.006386974825463857,55619.3515625,3.1464364152093105e-05,35203.3515625,0.01585506626310553,23787.5,0.01595640436565688,11.970000267028809,-0.0008346640725874765,87.24530029296875,-0.0027900805159943864,66.29000091552734,-0.01544632240077648,6329.93994140625,0.01473710033091602
2025-08-05,24649.55078125,-0.0029651959185494695,55360.25,-0.0046693631913759795,35034.5,-0.004808002637339573,23876.30078125,0.003726135244675477,11.710000038146973,-0.021720987726124186,87.89330291748047,0.007427364251549662,65.16000366210938,-0.017046269992633034,6299.18994140625,-0.004857865996303334
2025-08-06,24574.19921875,-0.003061596134311999,55411.1484375,0.0009189816468880913,34426.25,-0.017513935501695086,23748.849609375,-0.005352276059426603,11.960000038146973,0.02134927405513154,87.72309875488281,-0.0019364861365769315,64.3499984741211,-0.012431018147092243,6345.06005859375,0.007281907295092482
2025-08-07,24596.150390625,0.0008928622028389917,55521.1484375,0.001983192256028456,34726.80078125,0.008692390871020238,23808.099609375,0.002491750695929565,11.6899995803833,-0.02257528903867001,87.76249694824219,0.0004491199458134254,63.880001068115234,-0.007303767166286335,6340.0,-0.0007974800154801898
2025-08-08,24363.30078125,-0.00951200879308063,55004.8984375,-0.009341757331445696,34398.5,-0.009498786869662138,23474.650390625,-0.014104710358144595,12.029999732971191,0.029084701864184437,87.43319702148438,-0.0037521713511867727,63.880001068115234,0.0,6389.4501953125,0.007799715348974834
2025-08-11,24585.05078125,0.009060632685991908,55510.75,0.009154451923238995,34544.6484375,0.004239686168375638,23723.75,0.01055552392369088,12.220000267028809,0.01579389345594695,87.48829650878906,0.0006301895525009371,63.959999084472656,0.0012523170792080318,6373.4501953125,-0.0025041278217863283
2025-08-12,24487.400390625,-0.003979850901478695,55043.69921875,-0.008449294680272734,34674.30078125,0.0037461561274282685,23856.599609375,0.0055842361686684275,12.229999542236328,0.0008182712756970023,87.66449737548828,0.0020139935709173606,63.16999816894531,-0.012351484159403792,6445.759765625,0.01134543584661274
2025-08-13,24619.349609375,0.0053739877432256436,55181.44921875,0.0024994309132680853,34692.94921875,0.0005376726899008026,24122.650390625,0.011090357109654433,12.140000343322754,-0.007358888166983268,87.59559631347656,-0.0007859631216112772,62.650001525878906,-0.008231702677522601,6466.580078125,0.0032300788824048965
2025-08-14,24631.30078125,0.00048532037708285097,55341.8515625,0.0029025998180133386,34833.19921875,0.00403445878673394,24118.80078125,-0.00015959757800223278,12.359999656677246,0.01812185396481447,87.44999694824219,-0.0016621767687192701,63.959999084472656,0.0209097769622979,6468.5400390625,0.00030309080129242716
2025-08-18,24876.94921875,0.009923616908863717,55734.8984375,0.007077061859869358,34634.94921875,-0.005707667259476499,25127.19921875,0.04095924187383132,12.34000015258789,-0.0016180829000712604,87.51280212402344,0.0007181838533216744,63.41999816894531,-0.008442791170371278,6449.14990234375,-0.0029976063534671304
2025-08-19,24980.650390625,0.004159900285259885,55865.1484375,0.0023342294701038284,34756.69921875,0.003509071413433463,25456.69921875,0.013028045313505841,11.789999961853027,-0.044570517336624205,87.29509735107422,-0.0024876905740109923,62.349998474121094,-0.016871644997116464,6411.3701171875,-0.005858103118756786
2025-08-20,25050.55078125,0.002794273751954044,55698.5,-0.002987506482289818,35690.05078125,0.026499623639714445,25469.25,0.0004929031936230204,11.789999961853027,0.0,87.0791015625,-0.0024743175175754306,63.209999084472656,0.013793113574950722,6395.77978515625,-0.0024316693228262354
2025-08-21,25083.75,0.0013244115539841486,55755.44921875,0.0010219328091183762,35723.8984375,0.0009479284972983507,25377.5,-0.003608887473824316,11.369999885559082,-0.03562341625554455,87.01820373535156,-0.0006993391761710432,63.52000045776367,0.004904309093197945,6370.169921875,-0.004004181529308926
2025-08-22,24870.099609375,-0.008553963109247331,55149.3984375,-0.010929311509256646,35440.8515625,-0.007954735105436435,25329.44921875,-0.00189523512548831,11.729999542236328,0.03166223925248035,87.29340362548828,0.003162555400174405,63.65999984741211,0.002204020602007528,6466.91015625,0.015186444876893468
2025-08-25,24967.75,0.003918729092601476,55139.30078125,-0.00018311316299395229,36280.1015625,0.023404270914952875,25423.400390625,0.0037023055814335375,11.760000228881836,0.0025576033943977006,87.3301010131836,0.00042039130302162775,64.80000305175781,0.017907684685488423,6439.31982421875,-0.004266385548063467
2025-08-26,24712.05078125,-0.010293981565065833,54450.44921875,-0.012571625265719363,36063.19921875,-0.00599649148859624,25320.30078125,-0.004063548730688496,12.1899995803833,0.036564569994260054,87.60859680175781,0.0031890011043520516,63.25,-0.023919799054944124,6465.93994140625,0.004133995191134998
2025-08-28,24500.900390625,-0.00858114302373062,53820.3515625,-0.011639421991661167,35488.80078125,-0.016055757402570696,25183.5,-0.005417458239280451,12.180000305175781,-0.0008202851149897716,87.65910339355469,0.0005765026908393089,64.5999984741211,0.021343849393218983,6501.85986328125,0.005555251394306682
2025-08-29,24426.849609375,-0.003026946376657732,53655.6484375,-0.0030649308484190776,35181.25,-0.008703905529037988,24960.849609375,-0.008880436403367175,11.75,-0.035303800854016076,87.5916976928711,-0.0007689526594969465,64.01000213623047,-0.009133070461711856,6460.259765625,-0.00639818429357164
2025-09-01,24625.05078125,0.008081328102276956,54002.44921875,0.006442654818862788,35740.6484375,0.015775382523402125,25660.0,0.027624777428432168,11.289999961853027,-0.03914893941676367,88.17430114746094,0.006651354750911054,64.01000213623047,0.0,6460.259765625,0.0
2025-09-02,24579.599609375,-0.0018474345185382894,53661.0,-0.006342920759285817,35737.8984375,-7.69461641733387e-05,25584.94921875,-0.002929101737955087,11.399999618530273,0.009743105141622355,88.00140380859375,-0.0019608586245332127,65.58999633789062,0.024683551772073153,6415.5400390625,-0.006922279936861564
2025-09-03,24715.05078125,0.005495586709857895,54067.55078125,0.007547724504540846,35474.94921875,-0.007384915010167665,25775.44921875,0.0074182007691215536,10.930000305175781,-0.041228011322958835,87.99829864501953,-3.5285386821515274e-05,63.970001220703125,-0.024698813960013055,6448.259765625,0.0051000736279842585
2025-09-04,24734.30078125,0.0007785744550393448,54075.44921875,0.0001460739486429952,35143.1015625,-0.009398449695909637,25994.849609375,0.008475968232908446,10.850000381469727,-0.007319297481462206,88.072998046875,0.0008488732510250063,63.47999954223633,-0.007659866642432012,6502.080078125,0.008346486409699372
2025-09-05,24741.0,0.0002708106342015157,54114.55078125,0.0007228313929660533,34635.8515625,-0.014539023949086294,26320.599609375,0.012453461257264486,10.779999732971191,-0.00645167244584488,88.19290161132812,0.0013614111829065578,61.869998931884766,-0.025362328638335097,6481.5,-0.003165152978388819
2025-09-08,24773.150390625,0.0012986346282709543,54186.8984375,0.0013360424543469032,34310.44921875,-0.009439368210242086,27189.19921875,0.032467919187029196,10.84000015258789,0.0055659017720737225,88.1863021850586,-7.482944941095138e-05,62.2599983215332,0.00630352992373262,6495.14990234375,0.0021059789159529885
2025-09-09,24868.599609375,0.0038455266535053208,54216.1015625,0.0005387881462036393,35255.94921875,0.02718433745695618,27182.5,-0.00024642300609169703,10.6899995803833,-0.013837690968000582,87.98049926757812,-0.0023337288488249897,62.630001068115234,0.005942864705379636,6512.60986328125,0.0026881536531127015
2025-09-10,24973.099609375,0.004193282121674665,54536.0,0.005883092934565402,36183.80078125,0.025977239265555105,26833.94921875,-0.012905536145205633,10.539999961853027,-0.014031770291696777,88.21829986572266,0.0027028784801652606,63.66999816894531,0.016605414068235458,6532.0400390625,0.002983469943562689
2025-09-11,25005.5,0.0012965707489705478,54669.6015625,0.0024467907734052447,36003.5,-0.0049953704939758705,26744.44921875,-0.0033409017759836405,10.359999656677246,-0.017077827877348017,88.05339813232422,-0.0018692463315370667,62.369998931884766,-0.02041776777833515,6587.47021484375,0.008485890387959882
2025-09-12,25114.0,0.004329658895022681,54809.30078125,0.002552077004466673,36110.75,0.0029744489909595846,26866.650390625,0.004558809067708723,10.119999885559082,-0.02316600184088602,88.2676010131836,0.002432647523011866,62.689998626708984,0.0051306669922135395,6584.2900390625,-0.00048276131466740146
2025-09-15,25069.19921875,-0.001785489719644452,54887.8515625,0.0014321391758581354,35902.19921875,-0.00579205175036686,26760.650390625,-0.003953215489211668,10.399999618530273,0.02766795811635747,88.27729797363281,0.00010985866091184349,63.29999923706055,0.00973042947382785,6615.27978515625,0.004706619226962694
2025-09-16,25239.099609375,0.0067543940269436074,55147.6015625,0.004721214392373159,36212.1484375,0.008596101536241121,27146.400390625,0.014311915745637775,10.270000457763672,-0.012499919762975265,88.12349700927734,-0.0017422482097425585,64.5199966430664,0.019273260990682273,6606.759765625,-0.0012879303382402618
2025-09-17,25330.25,0.003604969810507005,55493.30078125,0.0062490514160239005,36447.1484375,0.006468568497626875,27294.650390625,0.005446271308877039,10.25,-0.0019474641550334404,87.88459777832031,-0.0027109594950808225,64.05000305175781,-0.00728446397647331,6600.35009765625,-0.0009701681605103207
2025-09-18,25423.599609375,0.0036785274558399,55727.44921875,0.0042105233677184615,36750.25,0.00828180512977668,27329.349609375,0.001270475374097779,9.890000343322754,-0.035121917724609375,87.91069793701172,0.0002969821715204102,63.56999969482422,-0.007494197253132273,6631.9599609375,0.004789119185128365
2025-09-19,25327.05078125,-0.0038048357551339826,55458.8515625,-0.004831497708986958,36578.25,-0.004691226888380066,27219.55078125,-0.00402570814901819,9.970000267028809,0.008088970771377824,88.20690155029297,0.0033693693740604047,62.68000030517578,-0.014000305079770237,6664.35986328125,0.004885418870829605
2025-09-22,25202.349609375,-0.00493579674708062,55284.75,-0.003144230519450467,35500.1484375,-0.029916923657759057,27154.30078125,-0.0024000518427997534,10.5600004196167,0.05917754631753058,88.09919738769531,-0.0012210400853526204,62.63999938964844,-0.0006381766964356217,6693.75,0.004410046474333074
2025-09-23,25169.5,-0.001304284606843299,55509.75,0.004061579037007668,35249.1015625,-0.007096836465845495,27321.94921875,0.006154937858440815,10.630000114440918,0.006628758716162864,88.30439758300781,0.002329194832609849,63.40999984741211,0.012292472306296265,6656.919921875,-0.005502159197012135
2025-09-24,25056.900390625,-0.004483689738311146,55121.5,-0.007018841311088404,34994.30078125,-0.007254827935854882,27007.599609375,-0.011572086428501141,10.520000457763672,-0.010348039086830352,88.80799865722656,0.005703012398055929,64.98999786376953,0.024917174265249642,6637.97021484375,-0.002846617843333288
2025-09-25,24890.849609375,-0.006649003929024595,54976.19921875,-0.002639489592227775,34548.30078125,-0.012826845844666068,26758.5,-0.009266113536514532,10.779999732971191,0.024714758925285185,88.77860260009766,-0.0003310068639466035,64.9800033569336,-0.00015378530796217316,6604.72021484375,-0.0050090613431266195
2025-09-26,24654.69921875,-0.009532730366893805,54389.3515625,-0.010731958730311242,33702.0,-0.024801184785939394,26484.55078125,-0.010290606276300426,11.430000305175781,0.060296900584934976,88.77310180664062,-6.196080244480484e-05,65.72000122070312,0.011388085957840577,6643.7001953125,0.005901836747171263
2025-09-29,24634.900390625,-0.0008033674181471517,54461.0,0.0013164578123839447,33693.1015625,-0.00026406778372335714,26436.55078125,-0.0018140216943901004,11.369999885559082,-0.005249380403737125,88.67680358886719,-0.0010847679737854277,63.45000076293945,-0.03454048106512475,6661.2099609375,0.00263554421636214
2025-09-30,24611.099609375,-0.0009666077692868598,54635.8515625,0.0032054401150929768,33655.1015625,-0.0011284637828273161,26542.349609375,0.003994003952040736,11.069999694824219,-0.026385241315251884,88.70449829101562,0.00031231055955549536,62.369998931884766,-0.017021305249305896,6688.4599609375,0.0040908483833717035
2025-10-01,24836.30078125,0.009108779315782467,55347.94921875,0.012949318023724071,33905.19921875,0.007403720699398846,26768.650390625,0.008489885409274677,10.289999961853027,-0.07046068242765002,88.8406982421875,0.0015354345472429198,61.779998779296875,-0.009459678734839105,6711.2001953125,0.003399920834961989
2025-10-03,24894.25,0.0023305289834215856,55589.25,0.004350229922705428,33949.75,0.0013131182961431832,26753.099609375,-0.0005811013910269365,10.0600004196167,-0.022351753458598633,88.72019958496094,-0.0013563452292785216,60.880001068115234,-0.01456778454134966,6715.7900390625,0.0006839080367779804
2025-10-06,25077.650390625,0.007340173682814145,56104.8515625,0.009232452165212207,34722.55078125,0.02250786408812551,26857.19921875,0.0038835724660197953,10.1899995803833,0.0129223812469339,88.73509979248047,0.00016794605500480841,61.689998626708984,0.013304821688282953,6740.27978515625,0.0036465919796933033
2025-10-07,25108.30078125,0.0012214730903828323,56239.3515625,0.0023944282040244797,34709.44921875,-0.0003773926332382977,26933.55078125,0.0028388380446986664,10.050000190734863,-0.013738900433121648,88.72109985351562,-0.00015777227948787775,61.72999954223633,0.0006484181620654006,6714.58984375,-0.0038114057910215715
2025-10-08,25046.150390625,-0.0024783611817054724,56018.25,-0.003939187107666233,35232.25,0.014949894674844862,26522.400390625,-0.015383076698949739,10.3100004196167,0.025870669049492312,88.74259948730469,0.00024232830549397733,62.54999923706055,0.013283649779766593,6753.72021484375,0.0058276636405680815
2025-10-09,25181.80078125,0.005401403691044332,56192.05078125,0.0030977712210964853,35628.5,0.011184023039991237,26587.0,0.0024327008310548463,10.119999885559082,-0.018428761040213515,88.7771987915039,0.0003898838257963,61.5099983215332,-0.01662671348061584,6735.10986328125,-0.002755570407195318
2025-10-10,25285.349609375,0.004103618794970308,56609.75,0.007405930136084602,35609.05078125,-0.0005460384030599156,26721.19921875,0.005034854082851648,10.100000381469727,-0.0019762356043001583,88.86540222167969,0.0009935369822033913,58.900001525878906,-0.0424320739209092,6552.509765625,-0.02711167321141361
2025-10-13,25227.349609375,-0.0022964532241035664,56625.0,0.00026935194526773895,35330.80078125,-0.007844714101253977,26698.150390625,-0.0008629393552653579,11.010000228881836,0.09009899139030408,88.7573013305664,-0.0012164564432355363,59.4900016784668,0.010016980259816455,6654.72021484375,0.015598671787557583
2025-10-14,25145.5,-0.0032497538671527296,56496.44921875,-0.002272793311516435,35214.8515625,-0.0032872138624528468,26640.55078125,-0.0021597688169918746,11.15999984741211,0.013623943270844707,88.66510009765625,-0.0010388016707127967,58.70000076293945,-0.013279557795226826,6644.31005859375,-0.0015643266604626893
2025-10-15,25323.55078125,0.007055869574947451,56799.8984375,0.005356747161642234,35401.80078125,0.005294775362455758,26708.650390625,0.0025529771717965675,10.529999732971191,-0.05645162392963732,88.78250122070312,0.0013240962105447451,58.27000045776367,-0.007325388408636391,6671.06005859375,0.004026001159503689
2025-10-16,25585.30078125,0.010283174673804386,57422.55078125,0.010902559272173517,35531.05078125,0.003644295702178369,27048.75,0.012653295901747616,10.869999885559082,0.03228871426494839,87.80950164794922,-0.010959362029406505,57.459999084472656,-0.013900830048527935,6629.06982421875,-0.006294387099829435
2025-10-17,25709.849609375,0.0048561734175648985,57713.3515625,0.005051446051080439,34950.69921875,-0.016468509336294557,27228.599609375,0.006627083632197507,11.630000114440918,0.0699172251042528,87.9906997680664,0.0020635365958874274,57.540000915527344,0.0013923047742669947,6664.009765625,0.0052707155502571545
2025-10-20,25843.150390625,0.0051714188632333265,58033.19921875,0.005526704134539504,35292.6015625,0.009734879769501756,27185.44921875,-0.0015860021666958986,11.359999656677246,-0.023215860284335976,88.0022964477539,0.00013179437961130525,57.52000045776367,-0.00034759223923253035,6735.1298828125,0.010672270853256949
2025-10-21,25868.599609375,0.000984272270986046,58007.19921875,-0.00044811980629483095,35299.75,0.0002025272530582188,27229.849609375,0.0016319087254816683,11.300000190734863,-0.005281643288353122,87.87999725341797,-0.0013897273056794335,57.81999969482422,0.005215563885136554,6735.35009765625,3.2696450934288634e-05
2025-10-23,25891.400390625,0.0008810194252249848,58078.05078125,0.001220681719646265,36078.6484375,0.021825352573593332,27218.75,-0.00040770964206185694,11.729999542236328,0.0380530393135774,87.74030303955078,-0.0015896019371092196,61.790000915527344,0.06866138432474789,6738.43994140625,0.0004587502810098343
2025-10-24,25795.150390625,-0.0037243774174138414,57699.6015625,-0.006537540863546357,35986.3515625,-0.002561491027964435,27108.69921875,-0.0040513932960856034,11.59000015258789,-0.011935157298543775,87.77899932861328,0.0004410320881278462,61.5,-0.004693330817777452,6791.68994140625,0.00790242258787388
2025-10-27,25966.05078125,0.00660344071508198,58114.25,0.007160632405374563,36129.1015625,0.0039589347430951105,27263.650390625,0.005699646694184687,11.859999656677246,0.02329590168547746,87.8290023803711,0.0005696470925877772,61.310001373291016,-0.0030894085643736746,6875.16015625,0.012290050865671143
2025-10-28,25936.19921875,-0.0011502994876563522,58214.1015625,0.0017167197107454987,35860.3984375,-0.007465099017204192,27148.349609375,-0.004238070786912301,11.949999809265137,0.007588545969073435,88.22209930419922,0.004475707490399383,60.150001525878906,-0.018920238483593477,6890.89013671875,0.0022879438603986557
2025-10-29,26053.900390625,0.004527837947802368,58385.25,0.0029356691631949317,36090.1015625,0.0063850537632123075,26948.900390625,-0.007373761973470628,11.970000267028809,0.0016736785006612465,88.22550201416016,3.856981400085502e-05,60.47999954223633,0.005486251171838097,6890.58984375,-4.3578255173426506e-05
2025-10-30,25877.849609375,-0.006780108726120027,58031.1015625,-0.0060841887795977856,35906.3984375,-0.005103123725855064,26829.55078125,-0.0044385735444508415,12.069999694824219,0.008354170890944479,88.34559631347656,0.0013612197899097733,60.56999969482422,0.001488097772306407,6822.33984375,-0.00990481243951924
2025-10-31,25722.099609375,-0.006036845980053782,57776.3515625,-0.004399551221245255,35712.3515625,-0.005418897979644558,26809.849609375,-0.0007345784112958661,12.149999618530273,0.006627997160626231,88.6344985961914,0.0032701378990043217,60.97999954223633,0.0067690250863108314,6840.2001953125,0.0026179217059763005
2025-11-03,25763.349609375,0.001602394830084992,58101.44921875,0.005611057631483192,35653.1015625,-0.0016604676638053884,26841.80078125,0.0011910603092205364,12.670000076293945,0.04279839292921506,88.77539825439453,0.0015896706184919118,61.04999923706055,0.0011479123540454328,6851.97021484375,0.0017207127269924793
2025-11-04,25597.650390625,-0.006452358545521922,57827.05078125,-0.004733934277454623,35274.55078125,-0.0106743805314149,26610.05078125,-0.008671409704065974,12.649999618530273,-0.0015785680854961681,88.72339630126953,-0.0005857698658358057,60.560001373291016,-0.008026173135020742,6771.5498046875,-0.011736830084583816
2025-11-06,25509.69921875,-0.0034418242922323408,57554.25,-0.004728691525114667,35337.6015625,0.0017858341918221886,26626.5,0.0006179671309309955,12.40999984741211,-0.01897231449450809,88.55690002441406,-0.001876576909771499,59.43000030517578,-0.01865919819172268,6720.31982421875,-0.007565473480426466
2025-11-07,25492.30078125,-0.0006822649376453303,57876.80078125,0.005588645664827148,35117.6484375,-0.0062437884918532215,26779.55078125,0.005731605239628712,12.5600004196167,0.01208707284842303,88.6729965209961,0.001310981939860456,59.75,0.005384480787161472,6728.7998046875,0.0012618418007710464
2025-11-10,25574.349609375,0.0032134043686110675,57937.55078125,0.0010490928758338147,35688.25,0.01611769436204303,26859.849609375,0.002994026313670252,12.300000190734863,-0.020700654474163693,88.65799713134766,-0.00016915397287697864,60.130001068115234,0.006359850512388965,6832.43017578125,0.01540101862170995
2025-11-11,25694.94921875,0.004704563337770722,58138.1484375,0.003456328194419302,36116.8984375,0.011939353618401956,27148.25,0.01067999555647526,12.489999771118164,0.015447120116828916,88.70709991455078,0.000553844941143744,61.040000915527344,0.015133873794235697,6846.60986328125,0.002075350517340535
2025-11-12,25875.80078125,0.007013755040664786,58274.6484375,0.0023451040817019527,36855.3984375,0.02024124895550095,27485.150390625,0.012333285451630815,12.109999656677246,-0.03042434919171333,88.46649932861328,-0.002712303594292531,58.4900016784668,-0.04177587154019646,6850.919921875,0.0006295171887717999
2025-11-13,25879.150390625,0.00012944111834060272,58381.94921875,0.0018396012512929484,36679.5,-0.004784089642530728,27382.80078125,-0.003730765443311681,12.15999984741211,0.004128835024969968,88.59400177001953,0.001441251121881093,58.689998626708984,0.0034193356557179477,6737.490234375,-0.01655685496159698
2025-11-14,25910.05078125,0.0011933141887742222,58517.55078125,0.002319969261120841,36301.25,-0.010365839948961411,27239.80078125,-0.005235939798012892,11.9399995803833,-0.018092127449790163,88.81610107421875,0.002506933875453088,60.09000015258789,0.023854175475168438,6734.10986328125,-0.0005017255648851471
2025-11-17,26013.44921875,0.003982727442351947,58962.69921875,0.007578304743652948,36375.19921875,0.0020350263411495245,27472.650390625,0.008511810757270963,11.789999961853027,-0.012562782562967056,88.68199920654297,-0.0015098823980543852,59.90999984741211,-0.0029955118109286083,6672.41015625,-0.00916226617680782
2025-11-18,25910.05078125,-0.003982727442351953,58899.25,-0.0010766702112067637,35975.19921875,-0.011057411822892596,27368.25,-0.0038073961586815534,12.100000381469727,0.026293504717533223,88.63590240478516,-0.0005197988562531952,60.7400016784668,0.01385414510380012,6617.31982421875,-0.008256436690967983
2025-11-19,26052.650390625,0.005488550984983714,59216.05078125,0.005364276073094187,37044.6484375,0.02929410921858011,27434.44921875,0.0024159120587883714,11.970000267028809,-0.010743810772105733,88.55680084228516,-0.0008924325285114554,59.439998626708984,-0.021402749684458433,6642.16015625,0.0037538357962292324
2025-11-20,26192.150390625,0.005340256999340202,59347.69921875,0.0022207207785368646,37043.30078125,-3.637990427210738e-05,27554.0,0.004348221174117747,12.140000343322754,0.0142021781538475,88.48719787597656,-0.0007859697464969173,59.13999938964844,-0.005047093606858621,6538.759765625,-0.015567283563270418
2025-11-21,26068.150390625,-0.0047454848460117445,58867.69921875,-0.008120814111297805,36885.3515625,-0.004273024167813047,27537.849609375,-0.0005863078187486407,13.630000114440918,0.12273473879576069,88.69219970703125,0.002316740002797024,58.060001373291016,-0.018261718422446616,6602.990234375,0.009823035415319481
2025-11-24,25959.5,-0.00417664636992243,58835.3515625,-0.0005496485749466078,37037.94921875,0.0041285459763864,27442.19921875,-0.003479461701626001,13.239999771118164,-0.02861337784653062,89.63400268554688,0.010618780249295856,58.84000015258789,0.013434356886799836,6705.1201171875,0.015467217001293498
2025-11-25,25884.80078125,-0.002881677226487561,58820.30078125,-0.0002558445944972061,36826.8984375,-0.005714527607728514,27378.69921875,-0.0023166358162377753,12.239999771118164,-0.07552870221202024,89.14779663085938,-0.005424348351297015,57.95000076293945,-0.015125754373562672,6765.8798828125,0.009061696817220577
2025-11-26,26205.30078125,0.012305756174877891,59528.05078125,0.01196059645870062,37364.6015625,0.014495259964158659,27696.400390625,0.011537144666360005,11.970000267028809,-0.02205878342632439,89.15059661865234,3.14083791050912e-05,58.650001525878906,0.012079391781252946,6812.60986328125,0.006906711511012631
2025-11-27,26215.55078125,0.0003910657620054032,59737.30078125,0.00350898583647605,37446.30078125,0.00218415361048917,27603.650390625,-0.0033544304448121045,11.789999961853027,-0.015037619144553371,89.16300201416016,0.0001391510093968762,58.650001525878906,0.0,6812.60986328125,0.0
2025-11-28,26202.94921875,-0.0004808059270205712,59752.69921875,0.0002577360044394682,37405.5,-0.0010901751157638877,27774.599609375,0.0061738954103960275,11.619999885559082,-0.014419005669549345,89.36479949951172,0.0022632423852162464,58.54999923706055,-0.001705068818697919,6849.08984375,0.005354773163420257
2025-12-01,26175.75,-0.001038560391932615,59681.3515625,-0.0011947625366541435,37549.75,0.0038489679664399272,27993.0,0.007832559002255657,11.630000114440918,0.0008606049036423702,89.3499984741211,-0.0001656247814969536,59.31999969482422,0.013151160850507493,6812.6298828125,-0.005323329342915684
2025-12-02,26032.19921875,-0.005499206353098099,59273.80078125,-0.00685220215942046,37541.25,-0.00022639197870067098,27979.5,-0.00048237974940468404,11.229999542236328,-0.034393857976657394,89.61270141601562,0.002940156087082757,58.63999938964844,-0.011463255372118786,6829.3701171875,0.002457235261999813
2025-12-03,25986.0,-0.0017762718275890193,59348.25,0.001255234217161773,37825.25,0.007536540618238805,27643.80078125,-0.012070599549308019,11.210000038146973,-0.0017808998134093423,89.91719818115234,0.003397919718133746,58.95000076293945,0.005286517334884833,6849.72021484375,0.0029797912994984355
2025-12-04,26033.75,0.0018358417105443499,59288.69921875,-0.0010039163455173728,38360.25,0.01404489816151807,27732.69921875,0.003210694567836295,10.819999694824219,-0.034790396252953215,90.17050170898438,0.0028170754088856498,59.66999816894531,0.012213696296650589,6857.1201171875,0.0010803218396737702
2025-12-05,26186.44921875,0.005848298407896911,59777.19921875,0.008205586105955181,38703.6484375,0.00891210326351799,27939.099609375,0.007414933256975953,10.319999694824219,-0.0462107221906094,89.8364028930664,-0.003705189719318991,60.08000183105469,0.0068711861017412,6870.39990234375,0.001936641757662061
2025-12-08,25960.55078125,-0.008663963433110109,59238.55078125,-0.00905177869866883,38590.69921875,-0.0029225759080896093,27596.80078125,-0.012327275164330583,11.130000114440918,0.07848841507456039,89.93800354003906,0.0011309518602786728,58.880001068115234,-0.019973380931542994,6846.509765625,-0.003477255626794018
2025-12-09,25839.650390625,-0.004667959097577137,59222.3515625,-0.0002734947738953433,38130.6015625,-0.011994144190368627,27399.25,-0.007184211525139912,10.949999809265137,-0.0161725339914629,90.12999725341797,0.0021347339925488207,58.25,-0.010699746207314398,6840.509765625,-0.0008763589340257116
2025-12-10,25758.0,-0.003164890577820058,58960.3984375,-0.004433025191671029,37789.8984375,-0.00897532055631274,27358.25,-0.001497512036233145,10.90999984741211,-0.003652964616417842,89.91690063476562,-0.002364325143083934,58.459999084472656,0.0036051344973846433,6886.68017578125,0.00674955693920154
2025-12-11,25898.55078125,0.005441754277616313,59209.8515625,0.00422193395606819,38097.0,0.008093709066836303,27661.0,0.01100535015265669,10.399999618530273,-0.04674612612417317,89.79299926757812,-0.0013779541589269417,57.599998474121094,-0.014710924115973634,6901.0,0.002079350841514227
2025-12-12,26046.94921875,0.0057136360690816825,59389.94921875,0.003037067406443612,38274.75,0.004654870968768553,27820.849609375,0.005762246673361662,10.109999656677246,-0.027884612739438763,90.25299835205078,0.0051228836125840616,57.439998626708984,-0.0027777752022684066,6827.41015625,-0.010663649289958
2025-12-15,26027.30078125,-0.0007546316435640039,59461.80078125,0.0012090957222487563,38386.30078125,0.0029102356110312765,27568.099609375,-0.009126432542790696,10.25,0.01384770999772389,90.5770034790039,0.00358996524070343,56.81999969482422,-0.010793853529036723,6816.509765625,-0.0015965630269072495
2025-12-16,25860.099609375,-0.006444791966669916,59034.6015625,-0.007210363540427461,38062.5,-0.008471099984690006,27542.19921875,-0.0009399474538396795,10.0600004196167,-0.01853654442763908,90.77690124511719,0.0022069372846897917,55.27000045776367,-0.027279113787143094,6800.259765625,-0.0023839179519623555
2025-12-17,25818.55078125,-0.0016079691231565723,58926.75,-0.0018285920112611383,38172.05078125,0.0028740474112099487,27489.25,-0.0019243263930380215,9.84000015258789,-0.02186881290778231,90.94889831542969,0.0018947228640033842,55.939998626708984,0.012122275436876606,6721.43017578125,-0.011592143912241393
2025-12-18,25815.55078125,-0.00011620227379163036,58912.8515625,-0.00023588738217301678,38633.3515625,0.012012340646892685,27321.900390625,-0.00610642645517303,9.710000038146973,-0.013211393539127925,90.4136962890625,-0.0058846455128130915,56.150001525878906,0.003754074085186909,6774.759765625,0.007934262269941872
2025-12-19,25966.400390625,0.005826355812965194,59069.19921875,0.0026503649790089404,38691.6015625,0.0015066290677075995,27657.25,0.012199307045034217,9.520000457763672,-0.01956741293891484,90.25579833984375,-0.001746394138272267,56.65999984741211,0.009082783751985346,6834.5,0.008818059450332205
2025-12-22,26172.400390625,0.00790202570190833,59304.0,0.0039671326067652534,39488.0,0.020374265686996726,27885.30078125,0.008211796525893484,9.680000305175781,0.0168067058527952,89.56999969482422,-0.007598388775392206,58.0099983215332,0.023826305643429135,6878.490234375,0.006436496360377575
2025-12-23,26177.150390625,0.00018147242687454733,59299.55078125,-7.502673777943528e-05,39173.69921875,-0.00799124496352572,27892.05078125,0.00024203372314619714,9.380000114440918,-0.030991754264145688,89.60389709472656,0.0003784459084272829,58.380001068115234,0.006378258184584151,6909.7900390625,0.004550388765703239
2025-12-24,26142.099609375,-0.0013398810760412456,59183.6015625,-0.0019572277318867857,38974.80078125,-0.005090279838267327,27885.650390625,-0.00022949639438781162,9.1899995803833,-0.02025592022809286,89.50789642333984,-0.001071389465183925,58.349998474121094,-0.0005139190381160397,6932.0498046875,0.0032214822012188726
2025-12-26,26042.30078125,-0.0038248575837020187,59011.3515625,-0.0029146781210101914,38572.30078125,-0.010380880946512419,27739.849609375,-0.005242240164916557,9.149999618530273,-0.004352553175128504,90.10590362548828,0.006681055259304403,56.7400016784668,-0.027592062343726576,6929.93994140625,-0.00030436354912266594
2025-12-29,25942.099609375,-0.0038550524856079535,58932.3515625,-0.0013396223744246343,38282.69921875,-0.007536345929222675,27592.5,-0.005325996771434945,9.720000267028809,0.062295155438497396,89.82929992675781,-0.003069762219800043,58.08000183105469,0.023616498289537935,6905.740234375,-0.00349205148036813
2025-12-30,25938.849609375,-0.00012528683662081574,59171.25,0.004045579646533765,37998.6015625,-0.007448718543023702,27889.650390625,0.0107116696010194,9.680000305175781,-0.004115222299809096,89.9000015258789,0.0007870661262945333,57.95000076293945,-0.002238310330867188,6896.240234375,-0.0013756671519022934
2025-12-31,26129.599609375,0.007326926621050068,59581.8515625,0.006915241679801313,37884.05078125,-0.0030191582588588333,28189.599609375,0.010697435473492303,9.479999542236328,-0.02066123518947771,89.76940155029297,-0.0014527249540517984,57.41999816894531,-0.009145860000283057,6845.5,-0.007357666300846111
2026-01-01,26146.55078125,0.0006485241297397655,59711.55078125,0.0021744583909286933,38171.5,0.007558964059399769,28189.599609375,0.0,9.479999542236328,0.0,89.76940155029297,0.0,57.41999816894531,0.0,6845.5,0.0
2026-01-02,26328.55078125,0.00693665088228735,60150.94921875,0.007331741049939064,38320.30078125,0.003890638406490385,28803.650390625,0.02154902704490409,9.449999809265137,-0.003164528947236067,89.96189880371094,0.0021443526423658987,57.31999969482422,-0.0017415269472296213,6858.47021484375,0.0018947067188299638
2026-01-05,26250.30078125,-0.002976484097528138,60044.19921875,-0.0017762784847065924,37771.1484375,-0.014434259931040824,28894.150390625,0.003137037217784407,10.020000457763672,0.060317530159067934,90.00700378417969,0.0005013787066363573,58.31999969482422,0.017445917748152073,6902.0498046875,0.006354126864826393
2026-01-06,26178.69921875,-0.0027313741255683985,60118.3984375,0.0012349804286495498,37977.3984375,0.005445662476919549,28922.349609375,0.0009754731257020613,10.020000457763672,0.0,90.23300170898438,0.002510892656160335,57.130001068115234,-0.020404640482441505,6944.81982421875,0.006196712678341321
2026-01-07,26140.75,-0.0014506737349826563,59990.8515625,-0.002123848462031855,38688.80078125,0.018558967842976552,28692.400390625,-0.007982346178291654,9.949999809265137,-0.006986092345364847,90.16609954833984,-0.0007414378262655674,55.9900016784668,-0.01995447870356648,6920.93017578125,-0.003439923431013958
2026-01-08,25876.849609375,-0.010146667926064248,59686.5,-0.005086212464532796,37920.30078125,-0.020063563307904844,28414.94921875,-0.009716905330302332,10.600000381469727,0.0653266919260973,89.8644027709961,-0.003346011182196129,57.7599983215332,0.03161272709422214,6921.4599609375,7.65482590914246e-05
2026-01-09,25683.30078125,-0.007507725861466694,59251.55078125,-0.0073139109779722326,38027.19921875,0.0028150632501075124,28087.650390625,-0.011585395760726853,10.930000305175781,0.03113206715378425,89.90540313720703,0.00045624702269941864,59.119998931884766,0.023545717622442286,6966.27978515625,0.006475487031883276
2026-01-12,25790.25,0.00415550786875295,59450.5,0.0033520803344287207,37988.25,-0.0010247712158216675,28011.75,-0.0027059268515754117,11.369999885559082,0.040256136148042465,90.23600006103516,0.003677164133546018,59.5,0.006427623054476861,6977.27001953125,0.001577633215136931
2026-01-13,25732.30078125,-0.002249471049361169,59578.80078125,0.002155785677925855,38236.6015625,0.006516311575741117,27915.099609375,-0.003456317940902605,11.199999809265137,-0.014951633949430443,90.13269805908203,-0.0011447981058917422,61.150001525878906,0.02773111808199835,6963.740234375,-0.0019391230550597216
2026-01-14,25665.599609375,-0.002595483815978393,59580.1484375,2.2619471871612884e-05,37822.69921875,-0.010883782135335716,27721.849609375,-0.006946850245370861,11.319999694824219,0.01071427567880967,90.27300262451172,0.001556644463674095,62.02000045776367,0.01422729207155582,6926.60009765625,-0.005333360445499591
2026-01-16,25694.349609375,0.0011195495104741853,60095.1484375,0.00860667476897364,39086.6484375,0.032871505664672916,27596.25,-0.004541002893853521,11.369999885559082,0.004416978099188951,90.36160278320312,0.0009814690562575112,59.439998626708984,-0.04159951325398159,6940.009765625,0.0019359668206178071
2026-01-19,25585.5,-0.004245323404225256,59891.3515625,-0.0033970000121344075,38902.5,-0.00472242057818865,27632.44921875,0.0013108845381421732,11.829999923706055,0.04045734764968767,90.7020034790039,0.003767094488324574,59.439998626708984,0.0,6940.009765625,0.0
2026-01-20,25232.5,-0.013892938636022806,59404.19921875,-0.00816719564873999,38101.05078125,-0.020816654598814214,26948.099609375,-0.025077999018324634,12.729999542236328,0.07607773663013906,90.90450286865234,0.002232579015691849,60.34000015258789,0.015141344997853023,6796.85986328125,-0.02062675805627745
2026-01-21,25157.5,-0.0029767833055262707,58800.30078125,-0.010217947569373146,37992.30078125,-0.0028583331344503122,26871.25,-0.0028558376183905596,13.779999732971191,0.08248234316514402,91.11840057373047,0.002352993507782397,60.619998931884766,0.004640350987550779,6875.6201171875,0.011587741323274559
2026-01-22,25289.900390625,0.005249059162526262,59200.1015625,0.006776287252379773,38301.75,0.00811205887049881,27110.19921875,0.008853070189116873,13.350000381469727,-0.031204597956022595,91.53690338134766,0.004592956032832829,59.36000061035156,-0.020785192077436232,6913.35009765625,0.005487502192628835
2026-01-23,25048.650390625,-0.009585172530157553,58473.1015625,-0.012356411325390662,38238.5,-0.0016527255763416568,26804.55078125,-0.011338333645274973,14.1899995803833,0.0629212865101878,91.55829620361328,0.00023370707851566586,61.06999969482422,0.028807261908526005,6915.60986328125,0.0003268698377891788
2026-01-27,25175.400390625,0.0050473933153695125,59205.44921875,0.012446739121990508,38566.1015625,0.008530831294013804,26554.0,-0.009391282898339967,14.449999809265137,0.018322779180435456,91.71309661865234,0.0016907306214479778,62.38999938964844,0.021614535801874002,6978.60009765625,0.009108413519601344
2026-01-28,25342.75,0.006625350304204862,59598.80078125,0.006621867481046588,38725.3515625,0.004120771932990929,26737.599609375,0.0068904043836947124,13.529999732971191,-0.06366782618945466,91.5343017578125,-0.001949501951540089,63.209999084472656,0.013143127149321199,6978.02978515625,-8.172305219089626e-05
2026-01-29,25418.900390625,0.003000314101836464,59957.8515625,0.006006388664420234,38431.30078125,-0.007622212627589939,26555.400390625,-0.006837668310042067,13.369999885559082,-0.011825561756827474,92.04080200195312,0.005533447400743352,65.41999816894531,0.034962808360734954,6969.009765625,-0.001292631274007694
2026-01-30,25320.650390625,-0.003872723399525638,59610.44921875,-0.005810960246959909,38036.1484375,-0.010335269849407792,26750.349609375,0.007314411218593124,13.630000114440918,0.019446539349836645,91.78189849853516,-0.002812920984896161,65.20999908447266,-0.0032100136097579224,6939.02978515625,-0.004301899620894223
2026-02-02,25088.400390625,-0.00921468029121448,58619.0,-0.016772005053349873,38074.1484375,0.0009985509114463647,26749.150390625,-4.48310264657469e-05,13.869999885559082,0.017608200227664295,91.68699645996094,-0.0010339951572884143,62.13999938964844,-0.04707866489688739,6976.43994140625,0.00539126612916796
2026-02-03,25727.55078125,0.025156829049839922,60041.30078125,0.023973795661561374,38611.75,0.014021101160447243,27500.30078125,0.027694230373221204,12.899999618530273,-0.06993513158127251,90.24559783935547,-0.015720862022510662,63.209999084472656,0.017219177749178805,6917.81005859375,-0.008403983020698336
2026-02-04,25776.0,0.0018813938963879184,60238.1484375,0.003273174815404378,36345.6484375,-0.06048215034202218,27825.400390625,0.011752344545547393,12.25,-0.05038756881795392,90.42289733886719,0.001964633220418399,65.13999938964844,0.03053314876016011,6882.72021484375,-0.005072391906223106
2026-02-05,25642.80078125,-0.005180965509696233,60063.6484375,-0.0029010393346724514,36143.30078125,-0.00558286977538463,27664.5,-0.005799283849425592,12.170000076293945,-0.006530606016820761,90.125,-0.0032944900864080306,63.290000915527344,-0.028400345278711825,6798.39990234375,-0.012251015567674717
2026-02-06,25693.69921875,0.001982934332408332,60120.55078125,0.0009469189522701549,35611.05078125,-0.014835609284109324,27519.55078125,-0.0052533132326590525,11.9399995803833,-0.018898972429644,90.3147964477539,0.002105924524315128,63.54999923706055,0.004108047365652956,6932.2998046875,0.0196957966973359
2026-02-09,25867.30078125,0.006733857702297746,60669.3515625,0.009086927746540699,35616.6484375,0.00015717638848145667,27791.44921875,0.00983170174800101,12.1899995803833,0.02093802418642743,90.58799743652344,0.0030249859327045048,64.36000061035156,0.01274589115681124,6964.81982421875,0.004691086716887227
2026-02-10,25935.150390625,0.0026195535786092045,60626.3984375,-0.0007082379522027358,35722.19921875,0.002959141105839517,28173.19921875,0.013642752406450813,11.670000076293945,-0.04265787711151048,90.82279968261719,0.0025919796522522187,63.959999084472656,-0.006215064047320307,6941.81005859375,-0.003303712975458173
2026-02-11,25953.849609375,0.0007207392533858182,60745.3515625,0.00196014580141621,35095.1484375,-0.01770942262257607,28538.69921875,0.012889889800402782,11.550000190734863,-0.010282766475969929,90.58789825439453,-0.002586370702549634,64.62999725341797,0.010475268582484487,6941.47021484375,-4.895607156218951e-05
2026-02-12,25807.19921875,-0.005666453301894332,60739.75,-9.221809805357992e-05,33160.19921875,-0.05671256171242655,28504.05078125,-0.0012148236808768988,11.729999542236328,0.015584359179998675,90.73570251464844,0.0016316115408576692,62.84000015258789,-0.02769607267367502,6832.759765625,-0.01566101212770199
2026-02-13,25471.099609375,-0.013109031702560043,60186.6484375,-0.009147802741315148,32681.5,-0.014541169480874272,28234.30078125,-0.009508631287347807,13.289999961853027,0.13299236832871042,90.56410217285156,-0.001891210813837807,62.88999938964844,0.0007956594038691644,6836.169921875,0.0004990891480125548
2026-02-16,25682.75,0.008275099528577884,60949.1015625,0.01258857428863483,32738.05078125,0.0017288652905867925,28028.19921875,-0.007326460232267531,13.329999923706055,0.003009778929107698,90.57119750976562,7.834601949152642e-05,62.88999938964844,0.0,6836.169921875,0.0
2026-02-17,25725.400390625,0.0016592855446634625,61174.0,0.00368314739573757,33075.05078125,0.010241211474361552,28174.55078125,0.005207997590647512,12.670000076293945,-0.049512366930952956,90.78299713134766,0.002338487592141947,62.33000183105469,-0.008904397583535784,6843.22021484375,0.0010313220779065713
2026-02-18,25819.349609375,0.0036453498285502696,61550.80078125,0.006140600153382305,32668.30078125,-0.01237403266907335,28327.599609375,0.00541746469417249,12.220000267028809,-0.03551695395070309,90.6261978149414,-0.0017271881449274495,65.19000244140625,0.04588481511846543,6881.31005859375,0.005566070147410729
2026-02-19,25454.349609375,-0.014237559265090531,60739.55078125,-0.013267798976200373,32319.400390625,-0.010737531456591188,27734.0,-0.02117748328368398,13.460000038146973,0.10147297414254974,90.79350280761719,0.0018460996567175592,66.43000030517578,0.01902128880703846,6861.89013671875,-0.0028221256867719813
2026-02-20,25571.25,0.00458203709696536,61172.0,0.007094504660357947,32004.05078125,-0.009805199508191354,27846.80078125,0.004058989238520716,14.359999656677246,0.06686475601631403,91.04109954833984,0.002727031484260456,66.38999938964844,-0.0006021513675084078,6909.509765625,0.006939724763506794
2026-02-23,25713.0,0.00552802706402003,61264.25,0.0015069069406574165,31550.5,-0.014273044980156734,28077.0,0.00823264927303592,14.170000076293945,-0.013231168866703502,90.72660064697266,-0.0034544716938551545,66.30999755859375,-0.0012050283444823284,6837.75,-0.010385652247284827
2026-02-24,25424.650390625,-0.011277509359324957,61047.30078125,-0.0035474890945932903,30053.5,-0.0486103099776116,27950.0,-0.004533536242120982,14.149999618530273,-0.0014114649016221392,91.02010345458984,0.003235024849649548,65.62999725341797,-0.010254868499654402,6890.06982421875,0.0076516140863223114
2026-02-25,25482.5,0.0022727508349003555,61043.3515625,-6.46932205793711e-05,30526.349609375,0.015611105522156466,28466.5,0.01831075770723022,13.489999771118164,-0.04664310001449046,90.91799926757812,-0.001121776213566461,65.41999816894531,-0.0031997423931283686,6946.1298828125,0.008136355657339944
2026-02-26,25496.55078125,0.000551237474627977,61187.69921875,0.0023618830474073714,30554.19921875,0.0009118978738466614,28693.400390625,0.007939187468159302,13.0600004196167,-0.031875415774437976,90.95099639892578,0.0003629328803260723,65.20999908447266,-0.0032100136097579224,6908.85986328125,-0.005365580569328343
2026-02-27,25178.650390625,-0.012546750821351201,60529.0,-0.010823587125162515,30603.849609375,0.0016236751330113708,28158.849609375,-0.018805466260927422,13.699999809265137,0.04900454587176961,91.00740051269531,0.0006201593825552187,67.0199966430664,0.027756442018180172,6878.8798828125,-0.00433935281103115
2026-03-02,24865.69921875,-0.012507116341135643,59839.6484375,-0.011454130426420892,30272.94921875,-0.01087125656809011,27540.099609375,-0.022218568323454244,17.1299991607666,0.25036491965363394,91.07959747314453,0.0007933086764646546,71.2300033569336,0.06281717285497268,6881.6201171875,0.0003983547353176853
2026-03-04,24480.5,-0.015612430100429392,58755.25,-0.01828794787330861,30305.30078125,0.0010680917846128547,26867.150390625,-0.02473874489589043,21.139999389648438,0.23409226067366484,92.00859832763672,0.010199878790264849,74.66000366210938,0.04815386976732339,6869.5,-0.0017612302017702142
2026-03-05,24765.900390625,0.011590840491558407,59055.8515625,0.005103122046475306,30126.80078125,-0.005907473494909199,27366.80078125,0.018426263136728613,17.860000610351562,-0.15515604891185486,92.12300109863281,0.0012433921728567388,81.01000213623047,0.0850522121973023,6830.7099609375,-0.005646704863891072
2026-03-06,24450.44921875,-0.012819134056590225,57783.25,-0.021784691487491663,30138.400390625,0.00038495215456638116,27076.400390625,-0.010668114238040267,19.8799991607666,0.11310181866647073,91.78690338134766,-0.0036483583174337086,90.9000015258789,0.12208368261757263,6740.02001953125,-0.013276795812569242
2026-03-09,24028.05078125,-0.017426658301668632,56019.80078125,-0.030993727674825874,30162.05078125,0.0007844184041107486,25965.94921875,-0.04187647994119531,23.360000610351562,0.17505038211735857,91.93620300292969,0.0016265895904750138,94.7699966430664,0.04257420299476822,6795.990234375,0.008304161513105202
2026-03-10,24261.599609375,0.009672907019832675,56950.80078125,0.016482537304482354,30024.05078125,-0.004585784367339989,26770.55078125,0.030516397637303717,18.90999984741211,-0.19049660302523774,91.220703125,-0.00778256937484012,83.44999694824219,-0.11944708342091537,6781.47998046875,-0.0021351198877325173
2026-03-11,23866.849609375,-0.016404386958885315,55735.75,-0.021565978636077933,29651.69921875,-0.012479320152200362,25926.0,-0.03205610571317107,21.059999465942383,0.11369643764563575,92.16510009765625,0.010352879777325796,87.25,0.045536287486201754,6775.7998046875,-0.0008376012017449197
2026-03-12,23639.150390625,-0.009586198057198514,55100.94921875,-0.011454829075412338,29579.44921875,-0.002439595980820711,25098.0,-0.03245816448973474,21.520000457763672,0.021842402824614915,92.22879791259766,0.0006911272799998702,95.7300033569336,0.09719201555224743,6672.6201171875,-0.015227676506708532
2026-03-13,23151.099609375,-0.020861973679950938,53757.8515625,-0.02467721128985809,29071.30078125,-0.017328376966800507,24195.099609375,-0.03663804451082551,22.649999618530273,0.05250925356550984,92.38990020751953,0.0017467678053719737,98.70999908447266,0.031129171869220817,6632.18994140625,-0.006059115470564369
2026-03-16,23408.80078125,0.011069774688696974,54413.3984375,0.012120686422126884,29042.55078125,-0.0009894371676456022,24599.099609375,0.016559723846265566,21.600000381469727,-0.046357582990929846,92.5635986328125,0.0018800585876033171,93.5,-0.0527808644797384,6699.3798828125,0.010130883162251969
2026-03-17,23581.150390625,0.007335627211391066,54876.0,0.008465676120622942,28760.900390625,-0.009745183510905177,25117.099609375,0.020839032500028845,19.790000915527344,-0.08379627009151125,92.28269958496094,-0.0030346599743367175,96.20999908447266,0.02898394742751509,6716.08984375,0.0024942548757938
2026-03-18,23777.80078125,0.008304724491583992,55326.05078125,0.008167784175796665,29559.30078125,0.02738160217183944,25598.849609375,0.01899853981843931,18.719999313354492,-0.054067789422552415,92.39129638671875,0.001176783971927886,96.31999969482422,0.0011433386487715858,6624.7001953125,-0.013607567880073446
2026-03-19,23002.150390625,-0.03316469831760482,53451.0,-0.034478532269772634,28579.599609375,-0.033705278645451996,24509.900390625,-0.04347027984024927,22.799999237060547,0.21794872186749825,93.24659729003906,0.00925737528067927,96.13999938964844,-0.0018687739383937974,6606.490234375,-0.002748797741878972
2026-03-20,23114.5,0.004872419427371909,53427.05078125,-0.0004481597292574672,29199.599609375,0.021461834237966604,24715.900390625,0.008369643531246588,22.809999465942383,0.0004386065445818321,93.0822982788086,-0.001761983986605209,98.31999969482422,0.02267526855643509,6506.47998046875,-0.015138182356779217
2026-03-23,22512.650390625,-0.02638273543442679,51437.75,-0.03794484794789285,29147.05078125,-0.0018012633795186784,23934.75,-0.03211539919818502,26.729999542236328,0.17185445717115866,93.89530181884766,0.008734244373767908,88.12999725341797,-0.10364119683721551,6581.0,0.011453200463990454
2026-03-24,22912.400390625,0.017600874978779452,52605.6484375,0.022451160028889094,29648.900390625,0.01707130464345691,24515.25,0.02396399505442066,24.739999771118164,-0.07444817827152395,93.24369812011719,-0.006939683733991342,92.3499984741211,0.04788382335436259,6556.3701171875,-0.0037425745042546366
2026-03-25,23306.44921875,0.0170518470014907,53708.1015625,0.02074035849950447,29671.30078125,0.0007552365382184407,25058.599609375,0.02192169350785777,24.639999389648438,-0.004042052643285277,94.29969787597656,0.011325159524443462,90.31999969482422,-0.02198157891540986,6591.89990234375,0.005419124381509377
2026-03-27,22819.599609375,-0.0211103140979646,52274.6015625,-0.027053233886755235,29541.650390625,-0.004379129742691754,24351.94921875,-0.028605170021015865,26.799999237060547,0.08766233364110998,94.30950164794922,0.00010396398072831659,99.63999938964844,0.10318865950304357,6368.85009765625,-0.03383695262244424
2026-03-30,22331.400390625,-0.021626021374847804,50275.3515625,-0.038995694910507306,29062.599609375,-0.016349034470928697,23769.599609375,-0.02420445951376526,27.889999389648438,0.04067164864245876,94.78179931640625,0.005007954237952417,102.87999725341797,0.03251704018081458,6343.72021484375,-0.003945748828622642
2026-04-01,22679.400390625,0.0154632634032261,51448.6484375,0.023069264074741663,29669.05078125,0.02065233048692902,24238.849609375,0.0195492648534792,25.010000228881836,-0.10326279038340647,93.48429870605469,-0.013689343520691843,100.12000274658203,-0.026827319017490026,6575.31982421875,0.03650848422240904
2026-04-02,22713.099609375,0.0014847926393626724,51548.75,0.0019437693676904076,30441.44921875,0.0257006996381786,24089.650390625,-0.006174397829253007,25.520000457763672,0.020391852227689355,92.6426010131836,-0.009003626325717717,111.54000091552734,0.11406310283321663,6582.68994140625,0.0011208758485563575
2026-04-06,22968.25,0.01117099412238686,52609.1015625,0.020361176416342698,30636.55078125,0.006388625235964948,24350.400390625,0.010765988653669074,25.469999313354492,-0.0019592924573780257,92.97100067138672,0.003544801793252672,112.41000366210938,0.007799916975443688,6611.830078125,0.0044267825126402816
2026-04-07,23123.650390625,0.006743092740219248,52716.25,0.002034618880900877,31403.349609375,0.024720796560459155,24373.30078125,0.0009400103752580277,24.700000762939453,-0.030231588974221624,92.81659698486328,-0.0016607725571244902,112.94999694824219,0.0048037831913605444,6616.85009765625,0.0007592481161695641
2026-04-08,23997.349609375,0.03708747109816642,55703.8984375,0.05512637722171712,31565.80078125,0.005159718092887099,26002.94921875,0.06472166016351451,19.700000762939453,-0.2024291435448915,92.86019897460938,0.0004697650114580121,94.41000366210938,-0.1641433712886997,6782.81005859375,0.025081414644149813
2026-04-09,23775.099609375,-0.009304593215623836,54821.69921875,-0.015964047662158153,31636.19921875,0.0022277290786464274,25901.900390625,-0.0038936229098558216,20.43000030517578,0.03705581289162363,92.2748031616211,-0.006304055122134167,97.87000274658203,0.03664864898063014,6824.66015625,0.006170023529293189
2026-04-10,24050.599609375,0.011521129932275736,55912.75,0.019706353297889192,31030.599609375,-0.019328208042824643,26640.900390625,0.02813130337877224,18.850000381469727,-0.07733724425377386,92.46980285644531,0.0021132496428377667,96.56999969482422,-0.013282957139829188,6816.89013671875,-0.0011385210916523558
2026-04-13,23842.650390625,-0.008683917902558702,55605.05078125,-0.005518401500951245,30669.80078125,-0.01169531926378128,26084.55078125,-0.02110442856553519,20.5,0.08753313449013445,94.50879669189453,0.022050375068006334,99.08000183105469,0.025991530953323627,6886.240234375,0.010173274948748201
2026-04-15,24231.30078125,0.01616920800628811,56301.94921875,0.012455118028885326,31539.75,0.02797017251334952,26483.099609375,0.01516356397075917,18.670000076293945,-0.08926828896127093,93.16539764404297,-0.0142145397558191,91.29000091552734,-0.0786233424663273,7022.9501953125,0.019852627309611792
2026-04-16,24196.75,-0.0014268915041919185,56086.3984375,-0.003835825511065472,31817.5,0.008767797823199721,26382.75,-0.0037963914565358483,18.09000015258789,-0.031065876879267096,93.38680267333984,0.0023764727559345555,94.69000244140625,0.03724396419959519,7041.27978515625,0.0026099558353673835
2026-04-17,24353.55078125,0.0064593349128548826,56565.69921875,0.008509449596209527,31809.849609375,-0.00024047491240274034,26435.0,0.0019785021908074137,17.209999084472656,-0.04864571922014849,93.04789733886719,-0.003629049552730912,83.8499984741211,-0.11447886458755663,7126.06005859375,0.012040463669150903
2026-04-20,24364.849609375,0.0004638423362418336,56582.3515625,0.00029434610238978504,31585.75,-0.007069908454128396,26522.30078125,0.0032970283245151097,18.790000915527344,0.09180720018051658,92.60330200195312,-0.004778134161322445,89.61000061035156,0.06869412332795921,7109.14013671875,-0.002374372617670484
2026-04-21,24576.599609375,0.00865325096320232,57371.44921875,0.013849652474197128,31729.099609375,0.00452815904005787,26625.19921875,0.0038721883840337782,17.530000686645508,-0.06705695409735823,93.12359619140625,0.005618527398106643,92.12999725341797,0.02812182374625838,7064.009765625,-0.006348217959672997
2026-04-22,24378.099609375,-0.00810958257469758,57124.44921875,-0.004314571727726197,30496.25,-0.03963050332296959,26450.25,-0.0065924963404807805,18.299999237060547,0.04392461610122078,93.622802734375,0.005360687982266965,92.95999908447266,0.009009029152271086,7137.89990234375,0.010460084168953943
2026-04-23,24173.05078125,-0.008446763696540498,56305.0,-0.014448866333997067,30124.30078125,-0.012271544274085711,25828.099609375,-0.023802578655713533,18.59000015258789,0.015847045225009904,93.80049896240234,0.0018980015854843657,95.8499984741211,0.03108863401582318,7108.39990234375,-0.004132868267081369
2026-04-24,23897.94921875,-0.011445760055327719,56089.75,-0.00383025476115808,28530.599609375,-0.05435499915348917,25652.849609375,-0.006808370071613751,19.709999084472656,0.06024738691187426,94.11289978027344,0.003330481408167163,94.4000015258789,-0.0151277722621318,7165.080078125,0.007973689797975636
2026-04-27,24092.69921875,0.008116209111611542,56264.30078125,0.003107158495286169,29159.150390625,0.02179158878497375,26053.150390625,0.015484035859400572,18.3799991607666,-0.06747843660499286,94.25029754638672,0.00145992490332425,96.37000274658203,0.020868656661653384,7173.91015625,0.0012323767534654362
2026-04-28,23995.69921875,-0.004034242549507945,55400.3515625,-0.01547430525651222,28959.900390625,-0.006856642630662438,25790.349609375,-0.01013832138094874,18.049999237060547,-0.017954294819036876,94.25849914550781,8.701934460275673e-05,99.93000030517578,0.03694093034276702,7138.7998046875,-0.004894172187521972
2026-04-29,24177.650390625,0.0075540537904852266,55403.6015625,5.866216699440156e-05,29245.25,0.009805039366916422,26085.75,0.011388812410826241,17.440000534057617,-0.033794943423070656,94.64550018310547,0.004105741562893339,106.87999725341797,0.06954865332750537,7135.9501953125,-0.0003991720531409948
2026-04-30,23997.55078125,-0.007476894502422098,54863.3515625,-0.009799025140765394,29353.900390625,0.00370826247161942,25917.599609375,-0.006466928684714417,18.459999084472656,0.058486153622710146,94.9166030883789,0.002864403534758031,105.06999969482422,-0.01693485783221116,7209.009765625,0.010238239941821936
2026-05-04,24119.30078125,0.005060607910890723,54878.5,0.00027607402974399434,29076.150390625,-0.009507165862329282,26027.69921875,0.0042390659686250345,18.299999237060547,-0.008667381113073303,94.90299987792969,-0.00014331750196061588,106.41999816894531,0.012848562653870355,7200.75,-0.0011457559212064705
2026-05-05,24032.80078125,-0.0035927857866665616,54547.05078125,-0.006058004370077423,29107.30078125,0.00107076472687179,26192.099609375,0.0062964981659818405,17.90999984741211,-0.021311442945780246,95.2593994140625,0.0037554085391529046,102.2699966430664,-0.03899644425186555,7259.22021484375,0.008120017337603702
2026-05-06,24330.94921875,0.012329573885162747,55981.05078125,0.02594960825333841,29267.94921875,0.005504005312449184,26823.0,0.02380190475396584,16.68000030517578,-0.06867669194391735,95.18299865722656,-0.0008020285379277681,95.08000183105469,-0.07030404857746886,7365.1201171875,0.014588330317794274
2026-05-07,24326.650390625,-0.0001766970903084699,56047.3984375,0.001184478843896927,29043.5,-0.007698327866676317,27339.94921875,0.019089245475201796,16.6200008392334,-0.003597090218503518,94.60800170898438,-0.0060409627386595055,94.80999755859375,-0.002839758805860182,7337.10986328125,-0.003803095327784889
2026-05-08,24176.150390625,-0.0062058471093194715,55310.55078125,-0.013234051375529382,29394.19921875,0.012002643282444214,27259.849609375,-0.002934064540792951,16.84000015258789,0.013237021795760695,94.25299835205078,-0.0037523607995186836,95.41999816894531,0.006433927075829571,7398.93017578125,0.008425703533400997
2026-05-11,23815.849609375,-0.015015317164036516,54439.8984375,-0.01586636983864761,29329.44921875,-0.0022052453470914153,26753.400390625,-0.018753326685874858,18.549999237060547,0.1015438877065491,94.42530059814453,0.0018280823857736994,98.06999969482422,0.02777197208898463,7412.83984375,0.0018799566475542484
2026-05-12,23379.55078125,-0.018489566950081734,53555.19921875,-0.016384429095118183,28234.900390625,-0.038033288795765674,26142.599609375,-0.0230954299397522,19.280000686645508,0.03935317949374961,95.39140319824219,0.010231395547356525,102.18000030517578,0.04190884697808839,7400.9599609375,-0.0016026088601545085
2026-05-13,23412.599609375,0.001412580244529267,53456.1484375,-0.001851220673448104,27916.650390625,-0.011335516235289094,25888.94921875,-0.00974994616532369,19.43000030517578,0.007780062924695352,95.63300323486328,0.0025327233746526012,101.0199966430664,-0.01135255097518939,7444.25,0.005849246488426552
2026-05-14,23689.599609375,0.011761794478008175,54128.94921875,0.01250748601446173,27360.349609375,-0.020128428221366595,26049.69921875,0.006190015262785724,18.610000610351562,-0.04220276283813473,95.69580078125,0.000656651409686404,101.16999816894531,0.001484869638324282,7501.240234375,0.007655604577358366
2026-05-15,23643.5,-0.0019478810528585342,53710.3515625,-0.007763398976713035,27716.900390625,0.012947478756382646,26070.69921875,0.0008058265771530539,18.790000915527344,0.009672235318233025,95.70989990234375,0.0001473327040335537,105.41999816894531,0.0420085013039424,7408.5,-0.012363320128051747
2026-05-18,23649.94921875,0.0002727320124251536,53537.0,-0.003232745815053451,28389.80078125,0.023987603695166077,25624.30078125,-0.017270897903766826,19.6299991607666,0.044704534556201825,95.97029876708984,0.0027207098222001846,108.66000366210938,0.030734258674256942,7403.0498046875,-0.0007356678561787344
2026-05-19,23618.0,-0.0013518345578153919,53409.1484375,-0.002390953302664784,29308.0,0.03183056305302731,25698.80078125,0.0029031781033675478,18.68000030517578,-0.048395257066008,96.27020263671875,0.003124965468292773,107.7699966430664,-0.008190750865521235,7353.60986328125,-0.006678320788135905
2026-05-20,23659.0,0.0017344590510618102,53562.19921875,0.0028615304759552524,29185.150390625,-0.004200484644275298,25914.349609375,0.008352525650285832,18.440000534057617,-0.012847953276085677,96.56580352783203,0.0030705335920893084,98.26000213623047,-0.08824343326587436,7432.97021484375,0.010792026370445518
2026-05-21,23654.69921875,-0.00018179856290503812,53439.3984375,-0.002295308441254413,29021.099609375,-0.005636893482629924,25986.25,0.0027706977246127387,17.81999969482422,-0.03362260419072616,96.5282974243164,-0.0003883994348455877,96.3499984741211,-0.019438261964021653,7445.72021484375,0.0017153304306989359
2026-05-22,23719.30078125,0.0027273020029192283,54055.3515625,0.011460278134295019,28912.5,-0.0037491106132546393,26017.099609375,0.0011864471510213105,17.90999984741211,0.005050513699729864,96.17389678955078,-0.003671468825434232,96.5999984741211,0.0025947068392238037,7473.47021484375,0.0037269732409066503
2026-05-25,24031.69921875,0.013084663968970206,55293.6484375,0.02264949495102379,28979.849609375,0.0023267198589530464,26463.05078125,0.01699545076556788,16.700000762939453,-0.06755997179126128,95.71949768066406,-0.004724765493084315,96.5999984741211,0.0,7473.47021484375,0.0
2026-05-26,23913.69921875,-0.004922275842741698,55092.8984375,-0.003637222596407817,28978.5,-4.6571697929253614e-05,26480.5,0.000659163169992009,16.1299991607666,-0.03413183090612759,95.25279998779297,-0.0048756805476358744,93.88999938964844,-0.02805382119336841,7519.1201171875,0.006108260424063872
2026-05-27,23907.150390625,-0.0002738900801400246,54853.8515625,-0.004348418696740373,28906.69921875,-0.0024808005860951017,26864.19921875,0.014385903067932394,14.979999542236328,-0.07129570231642945,95.90499877929688,0.0068470301302165915,88.68000030517578,-0.05549045817809506,7520.35986328125,0.00016487914469087706
2026-05-29,23547.75,-0.015147319219471595,54239.19921875,-0.01126852431685168,29080.150390625,0.00598244913655039,26338.44921875,-0.019764697073816697,16.190000534057617,0.0807744344991248,96.04820251464844,0.0014931832247984111,87.36000061035156,-0.014884976209761924,7580.06005859375,0.007938475870548523
2026-06-01,23382.599609375,-0.007038135182494777,53643.1015625,-0.011051001293779882,29854.25,0.02627138399417327,25891.900390625,-0.017099625494131323,16.540000915527344,0.02161830573961132,95.00299835205078,-0.010882079364663233,92.16000366210938,0.054945089494299326,7599.9599609375,0.0026252961308912415
2026-06-02,23483.55078125,0.004308069989399964,53714.6484375,0.001332868574316176,31116.55078125,0.04141264882612405,26079.44921875,0.007217424356732262,15.359999656677246,-0.07134227288599126,95.55139923095703,0.005772458642558265,93.76000213623047,0.017361093864397548,7609.77978515625,0.0012920889411551784
2026-06-03,23405.599609375,-0.003324916021661275,54185.94921875,0.008735888193194806,29384.44921875,-0.057274260819577504,26092.80078125,0.0005118262214672825,16.280000686645508,0.05989590172733639,95.26300048828125,-0.0030182576602431066,96.0199966430664,0.024104036426452202,7553.68017578125,-0.007372041104846239
2026-06-04,23416.55078125,0.0004677774080569192,54307.8515625,0.002247177150598156,29300.599609375,-0.0028576159723411355,26144.349609375,0.0019736468958441236,15.890000343322754,-0.02395579403400583,96.16449737548828,0.009463242629208723,93.04000091552734,-0.031035157589273332,7584.31005859375,0.004054961568363158
2026-06-05,23366.69921875,-0.0021311722194751305,54496.25,0.0034630794810435084,29010.30078125,-0.009957014025849259,26165.94921875,0.0008258263128463058,15.789999961853027,-0.0062932900760916954,95.79029846191406,-0.0038912376582503905,90.54000091552734,-0.02687016310618695,7383.740234375,-0.026445361894386843
2026-06-08,23123.0,-0.01048410529877786,54063.75,-0.007967986150329098,28653.55078125,-0.012373594271988642,25681.80078125,-0.018676317108994547,17.030000686645508,0.07853076173452767,94.95030212402344,-0.008769117033543883,91.30000305175781,0.00839410347410463,7405.72998046875,0.0029781310549599205
2026-06-09,23242.099609375,0.005137479368527299,55194.5,0.020699404825640498,28516.25,-0.004803271774629807,26025.650390625,0.01330000493935137,15.579999923706055,-0.08514390513656922,95.68830108642578,0.007772476189052746,88.19999694824219,-0.033954063525695966,7386.64990234375,-0.0025763939780845124
2026-06-10,23214.94921875,-0.0011688385035597795,55100.30078125,-0.001708135668893387,28279.94921875,-0.008321054857664456,25833.55078125,-0.007408540188523466,15.630000114440918,0.0032092548767463924,95.36029815673828,-0.003427826870823547,90.02999877929688,0.020748320797886022,7266.990234375,-0.016199450298948426
2026-06-11,23161.599609375,-0.0023007159547660506,55176.75,0.0013864939342382672,27821.05078125,-0.01636008887176626,25790.349609375,-0.0016736891878695037,15.609999656677246,-0.0012796198091638011,95.64450073242188,0.002980302926658851,87.70999908447266,-0.025769185008116646,7394.2998046875,0.017518885564244746
2026-06-12,23622.900390625,0.019720878993895297,56814.80078125,0.0292552000143922,27795.75,-0.0009098251837535975,26293.849609375,0.019334680871887486,14.720000267028809,-0.05701469629871103,95.76010131835938,0.0012086485375768508,84.87999725341797,-0.03226544134756104,7431.4599609375,0.0050255138730570525
2026-06-15,23853.900390625,0.009731145278463154,57198.80078125,0.006736063885749793,28067.900390625,0.009743457212960898,26977.5,0.02566812857725785,14.350000381469727,-0.025135861334720344,95.11029815673828,-0.006785740122191242,80.75,-0.04865689664300343,7554.2900390625,0.016528391294663436
2026-06-16,23989.150390625,0.005653918723145327,57297.1484375,0.0017179241904810088,28568.099609375,0.017664108507879115,26891.55078125,-0.0031910453381640853,13.359999656677246,-0.06898959571254626,94.74169921875,-0.0038754892491330573,76.05000305175781,-0.05820429657265869,7511.35009765625,-0.005684179609759754
2026-06-17,24085.69921875,0.004016609878660483,57585.05078125,0.005012141975358964,28809.55078125,0.008416259483054788,26724.400390625,-0.006235119530392499,13.1899995803833,-0.01272455693582153,94.88860321044922,0.0015505737485246307,76.79000091552734,0.009730412019390844,7420.10009765625,-0.012148282108228825
2026-06-18,24168.0,0.0034111731281746415,57963.80078125,0.00655569226941081,28466.44921875,-0.011980783104015517,26746.400390625,0.0008228790637120333,12.670000076293945,-0.039423769570297806,94.85890197753906,-0.0003130115936503808,76.5999984741211,-0.00247431226905781,7500.580078125,0.010846212235623431
2026-06-19,24013.099609375,-0.006429945583083175,57685.75,-0.004808515296856724,27426.849609375,-0.03720372706778857,26583.349609375,-0.0061148341893599144,12.970000267028809,0.02367799439055851,94.33989715576172,-0.005471334908559555,76.5999984741211,0.0,7500.580078125,0.0
2026-06-22,24102.900390625,0.003732682912776634,57935.6015625,0.004321899857325419,27628.55078125,0.00732724030201244,26703.44921875,0.004507676023940081,12.84000015258789,-0.01002313891784512,94.3302993774414,-0.00010173615415820514,74.81999969482422,-0.023237582438049742,7472.7900390625,-0.003705051979052687
2026-06-23,23824.099609375,-0.011634524429481118,57183.75,-0.013062308683738562,27012.05078125,-0.022566594983534763,26496.5,-0.007780092487741845,13.9399995803833,0.08566973634916253,94.70059967041016,0.003925571056305754,73.20999908447266,-0.02151831885750377,7365.4599609375,-0.014362785193208105
2026-06-24,24021.650390625,0.008257866325424086,58150.3515625,0.016762157617961584,27566.69921875,0.02032540254796313,26384.349609375,-0.004241632258143242,13.390000343322754,-0.03945475277018795,95.18370056152344,0.005101349862562943,70.33999633789062,-0.03920233277520613,7358.22021484375,-0.0009829319733113406
2026-06-25,24056.0,0.0014289223762208004,58177.05078125,0.0004590357676848168,27330.849609375,-0.008592407692588544,26977.75,0.02224143565495541,13.050000190734863,-0.02539209438911183,94.4406967163086,-0.007805998724903396,71.91999816894531,0.02246235304683375,7357.490234375,-9.92061187945481e-05
2026-06-29,23946.25,-0.004572710289054184,57727.3515625,-0.007759868757846111,27038.5,-0.01075431025442826,26417.599609375,-0.020982012285670378,13.609999656677246,0.04291183584349412,94.36029815673828,-0.0008513126476801247,70.75,-0.016268050594174133,7440.43017578125,0.011272857831158944
2026-06-30,23865.75,-0.003367358657511833,57542.8984375,-0.0032003623213382685,26299.05078125,-0.027728929698570322,26479.80078125,0.0023517677649279485,13.600000381469727,-0.0007347006215840945,94.79049682617188,0.004559106720063655,69.5,-0.017667844522968212,7499.35986328125,0.007920198981480553
2026-07-01,24005.849609375,0.005853157634003401,58033.05078125,0.008481959883035529,25769.80078125,-0.020329552576415527,26783.19921875,0.011392588439514115,13.239999771118164,-0.026470632371604186,94.91799926757812,0.0013450973006299272,68.58000183105469,-0.01323738372583183,7483.22998046875,-0.0021508346187620875
2026-07-02,24175.69921875,0.007050429763556748,58031.6484375,-2.416486252081444e-05,26965.05078125,0.0453383180273839,27108.19921875,0.012061440209451659,12.289999961853027,-0.07175225269546259,95.4175033569336,0.005262480174569983,68.69000244140625,0.001603975027917759,7483.240234375,1.3702513856905796e-06
2026-07-03,24270.849609375,0.003928061555321314,57938.5,-0.0016064212866243024,27439.400390625,0.017438338949649912,26988.099609375,-0.0044402226879124256,11.800000190734863,-0.039869794356312105,95.527099609375,0.001148596940662383,68.69000244140625,0.0,7483.240234375,0.0
2026-07-06,24430.349609375,0.0065501701327115155,58291.5,0.006074181972768617,27276.44921875,-0.005956287064696688,27353.94921875,0.013464900375813046,11.819999694824219,0.0016948732005155343,95.21479797363281,-0.003269246496745315,68.55000305175781,-0.0020381334207676405,7537.43017578125,0.00724150765029874
2026-07-07,24398.69921875,-0.0012963756541323145,58200.69921875,-0.001558916395222658,27939.150390625,0.024005281113123212,27343.5,-0.00038207335173253516,11.649999618530273,-0.014382409533257867,95.60350036621094,0.004082373757551494,70.44000244140625,0.027571105842568944,7503.85009765625,-0.0044551096782159405
2026-07-08,23882.05078125,-0.021402656722269202,56742.6015625,-0.02537208981308166,27555.19921875,-0.013837707846224007,26733.400390625,-0.02256510608024198,14.680000305175781,0.2600859043657002,95.59339904785156,-0.00010565845728116585,73.5199966430664,0.04372507232977707,7482.7099609375,-0.002817238676629863
2026-07-09,23962.80078125,0.003375497008972435,57252.44921875,0.008945143712788841,27471.25,-0.003051233909244738,26676.349609375,-0.0021363441299819597,13.359999656677246,-0.08991829843716947,95.86180114746094,0.0028077472114473867,72.08000183105469,-0.01958643740155175,7543.64013671875,0.008142795337428232
2026-07-10,24206.900390625,0.010135072168571098,58045.8984375,0.01376362733011518,28010.400390625,0.019435880471546027,26860.75,0.006888722817968679,12.25,-0.08308380877259047,95.39019775390625,-0.004919617490070305,71.41000366210938,-0.009295201885755944,7575.39013671875,0.004208843399813977
2026-07-13,24211.0,0.0001693427162979961,58131.44921875,0.0014727620907069863,29015.849609375,0.03526633521331869,26981.5,0.004485332705799334,13.279999732971191,0.08408161085479104,95.32499694824219,-0.0006835168308620965,78.13999938964844,0.09424443890779477,7515.33984375,-0.007927023147980106
2026-07-14,24052.05078125,-0.0065868108566920726,57462.30078125,-0.01157771786224346,28724.75,-0.010083098466393457,26547.5,-0.01621586467662953,13.75,0.03539158708429091,96.29889678955078,0.010216625989900363,79.33999633789062,0.015357012511074464,7543.58984375,0.0037589783811964317
2026-07-15,24078.5,0.001099061655563571,57757.8515625,0.00513020376130866,28532.25,-0.006724094007663329,26645.099609375,0.0036696728348978454,13.270000457763672,-0.034909057617187544,96.42530059814453,0.00131261948794692,79.5999984741211,0.003277062619503779,7572.39990234375,0.003819144358387927
2026-07-16,24072.75,-0.00023883076876853854,57582.25,-0.0030449374640283892,28722.599609375,0.0066492292613999715,26767.55078125,0.004585108041104453,12.880000114440918,-0.029389625461134217,96.49859619140625,0.0007601282319791292,78.94999694824219,-0.008165848471595516,7533.77001953125,-0.005101405539945647
2026-07-17,24334.30078125,0.010806414450711182,58521.3984375,0.016178112122444313,29226.599609375,0.017394984411211865,27099.75,0.012334140578987145,13.149999618530273,0.020962694230618473,96.6521987915039,0.0015917599442896169,82.48999786376953,0.04483851871264899,7457.68994140625,-0.010098540030789804
2026-07-20,24238.5,-0.003944631725234211,57945.0,-0.009898187824749298,29161.900390625,-0.002216163978530548,27099.75,0.0,12.979999542236328,-0.012927762830836187,96.28479766845703,-0.003801270200168183,83.2300033569336,0.00897085116169083,7443.27978515625,-0.0019322546744660052
2026-07-21,24187.69921875,-0.002098070908085292,57835.3515625,-0.0018940773421539593,28984.400390625,-0.006105308470910882,27099.75,0.0,12.600000381469727,-0.029275745313403267,96.4896011352539,0.0021270592217692563,84.91000366210938,0.020185032289030014,7509.2001953125,0.008856366018608064
2026-07-22,23996.25,-0.007946639050547172,57126.80078125,-0.012326835203711396,28549.849609375,-0.015106099226708341,27099.75,0.0,13.289999961853027,0.05476186980105591,96.34089660644531,-0.0015411456473962692,86.83000183105469,0.022612155059912098,7498.9599609375,-0.0013636917526039793
2026-07-23,23869.599609375,-0.005291901730381726,56592.0,-0.009405739777364057,28533.55078125,-0.0005710531768040989,27099.75,0.0,13.479999542236328,0.014296431973564117,96.55709838867188,0.0022441329678479782,92.19000244140625,0.06172982261108917,7408.2998046875,-0.012089697334330851
2026-07-24,23767.44921875,-0.00428870174406507,56693.5,0.0017919332511206036,28767.94921875,0.008181277799722997,27099.75,0.0,14.029999732971191,0.04080120247864771,96.87689971923828,0.0033120437119922297,89.30999755859375,-0.031239882921610285,7411.97998046875,0.0004967638835191579
2026-07-27,23995.94921875,0.009568068885288541,57087.19921875,0.006920344006990089,29441.900390625,0.023156950000847467,27099.75,0.0,12.65999984741211,-0.09764789106442495,96.56729888916016,-0.0031958168663054343,82.61000061035156,-0.07501956255061493,7413.18017578125,0.0001619264104413265
2026-07-28,23985.349609375,-0.0004418225352921867,56755.6015625,-0.005825552283698449,30418.349609375,0.032627188797832093,27099.75,0.0,12.5600004196167,-0.007898849052186296,95.77410125732422,-0.008213936197453031,79.26000213623047,-0.04055197251386189,7428.77978515625,0.002104307328987254
2026-07-29,24250.19921875,0.010981621540740824,57205.8984375,0.007902655168474439,31123.099609375,0.022904264306774412,27099.75,0.0,12.010000228881836,-0.04378982264012121,95.59870147705078,-0.0018313905113259699,84.45999908447266,0.06560682321588307,7316.14990234375,-0.015161289750108109
2026-07-30,24317.150390625,0.002757046238807193,57147.5,-0.001021367853945314,31194.55078125,0.002293128920531015,27099.75,0.0,12.15999984741211,0.012489560005965128,95.72859954833984,0.0013587848922849144,81.8499984741211,-0.030902209787394996,7437.6298828125,0.016604359135647728
